,Individual,DAPC.group,Latitude,Longitude,Korea.N.China,Yangtze.Qinling,Central.Japan,North.Japan,SE.China,South.Japan,Msa,Sichuan,Entry1,group,Entry
1,CANE9233,SE China/tropical,23.7,121,0,0,0,0,0.8,0,0.1,0.1,M. sinensis  'US47-0011',M. sinensis,77
9,PMS-007,Yangtze-Qinling,30.8,110.3,0,0.6,0,0,0.1,0,0,0.3,Miscanthus sinensis  'PMS-007',M. sinensis,145
17,PMS-009,Sichuan,30.6,109.7,0,0.2,0,0,0.1,0,0,0.6,PMS-009,M. sinensis,126
25,PMS-014,Sichuan,29.7,109.1,0,0.1,0,0,0.1,0,0,0.7,PMS-014,M. sinensis,127
33,PMS-023,Sichuan,29.9,107.7,0,0,0,0,0.1,0,0,0.9,Miscanthus sinensis  'PMS-023',M. sinensis,146
41,PMS-038,Sichuan,30.6,105.2,0,0.1,0,0,0,0,0,0.8,PMS-038,M. sinensis,128
49,PMS-067,Sichuan,30.6,104.3,0,0.1,0,0,0,0,0,0.9,Miscanthus sinensis  'PMS-067',M. sinensis,147
57,PMS-071,M. sacchariflorus 2x,40.4,117,0,0,0,0,0,0,1,0,Miscanthus sacchariflorus  'PMS-071',M. sacchariflorus,148
65,PMS-074,M. sacchariflorus 2x,40.1,116.2,0,0,0,0,0,0,1,0,Miscanthus sacchariflorus  'PMS-074',M. sacchariflorus,149
73,PMS-075,M. sacchariflorus 2x,40.1,116.2,0,0,0,0,0,0,1,0,PMS-075,M. sacchariflorus,129
81,PMS-076,M. sacchariflorus 2x,40.2,116,0,0,0,0,0,0,1,0,Miscanthus sacchariflorus  'PMS-076',M. sacchariflorus,150
89,PMS-087,Yangtze-Qinling,31.5,110.4,0.1,0.7,0,0,0,0,0,0.1,Miscanthus sinensis  'PMS-087',M. sinensis,151
97,PMS-088,Yangtze-Qinling,31.5,110.4,0,0.8,0,0,0,0,0,0.2,Miscanthus sinensis  'PMS-088',M. sinensis,152
105,PMS-130,Yangtze-Qinling,33.5,105.1,0,1,0,0,0,0,0,0,Miscanthus sinensis  'PMS-130',M. sinensis,153
113,PMS-131,Yangtze-Qinling,33.5,105.4,0,1,0,0,0,0,0,0,Miscanthus sinensis  'PMS-131',M. sinensis,154
121,PMS-134,Yangtze-Qinling,33.8,105.8,0,1,0,0,0,0,0,0,PMS-134,M. sinensis,130
129,PMS-144,Yangtze-Qinling,34.2,106.9,0,0.9,0,0,0,0,0,0,PMS-144,M. sinensis,131
137,PMS-159,Yangtze-Qinling,34.1,111,0,0.9,0,0,0,0,0,0,PMS-159,M. sinensis,132
145,PMS-161,Yangtze-Qinling,35.7,112.3,0,1,0,0,0,0,0,0,Miscanthus sinensis  'PMS-161',M. sinensis,155
153,PMS-164,Yangtze-Qinling,37.3,114.3,0.3,0.6,0,0,0,0,0,0,Miscanthus sinensis  'PMS-164',M. sinensis,156
161,PMS-178,Yangtze-Qinling,34.5,113,0,1,0,0,0,0,0,0,PMS-178,M. sinensis,133
169,PMS-183,Yangtze-Qinling,31.7,115.5,0.3,0.6,0,0,0.1,0,0,0,PMS-183,M. sinensis,134
177,PMS-204,Yangtze-Qinling,31.7,114.9,0.2,0.6,0,0,0.2,0,0,0,Miscanthus sinensis  'PMS-204',M. sinensis,157
185,PMS-226,Sichuan,26.6,106.8,0,0,0,0,0,0,0,1,Miscanthus sinensis  'PMS-226',M. sinensis,158
193,PMS-227,Sichuan,26.6,106.8,0,0,0,0,0,0,0,1,Miscanthus sinensis  'PMS-227',M. sinensis,159
201,PMS-272,Yangtze-Qinling,28.7,116.4,0.2,0.4,0,0,0.3,0,0,0,PMS-272,M. sinensis,135
209,PMS-285,Yangtze-Qinling,29.6,118.2,0.2,0.4,0,0,0.3,0,0,0,PMS-285,M. sinensis,136
217,PMS-293,SE China/tropical,31.3,119.7,0.1,0.2,0,0,0.6,0.1,0,0,PMS-293,M. sinensis,137
225,PMS-300,M. xgiganteus 2x,30.9,120.1,0.2,0.3,0,0,0,0,0.5,0,Miscanthus sinensis  'PMS-300',M. sinensis,160
233,PMS-303,Yangtze-Qinling,30.1,119.9,0.3,0.4,0,0,0.2,0,0,0,Miscanthus sinensis  'PMS-303',M. sinensis,161
241,PMS-306,Yangtze-Qinling,29.9,119.8,0.3,0.5,0,0,0.2,0,0,0,PMS-306,M. sinensis,138
249,PMS-314,Yangtze-Qinling,26.5,119.6,0.4,0.5,0,0,0.1,0,0,0,PMS-314,M. sinensis,139
257,PMS-339,SE China/tropical,25.7,115.8,0,0.2,0,0,0.8,0,0,0,PMS-339,M. sinensis,140
265,PMS-347,SE China/tropical,24.2,115.9,0,0.1,0,0,0.8,0,0,0,PMS-347,M. sinensis,141
273,PMS-351,SE China/tropical,24.1,115.6,0,0.1,0,0,0.9,0,0,0,Miscanthus sinensis  'PMS-351',M. sinensis,162
281,PMS-359,SE China/tropical,22.9,112.3,0,0.1,0,0,0.8,0,0,0.1,Miscanthus sinensis  'PMS-359',M. sinensis,163
289,PMS-375,SE China/tropical,19.6,110.3,0,0,0,0,0.7,0,0,0.3,Miscanthus sinensis  'PMS-375',M. sinensis,164
297,PMS-381,SE China/tropical,19,109.6,0,0,0,0,0.7,0,0,0.3,Miscanthus sinensis  'PMS-381',M. sinensis,165
305,PMS-382,SE China/tropical,18.9,109.5,0,0,0,0,0.7,0,0,0.2,Miscanthus sinensis  'PMS-382',M. sinensis,166
313,PMS-397,SE China/tropical,24.4,110,0,0.1,0,0,0.6,0,0,0.3,PMS-397,M. sinensis,142
321,PMS-425,Yangtze-Qinling,29.7,113.8,0.2,0.5,0,0,0.3,0,0,0,Miscanthus sinensis  'PMS-425',M. sinensis,167
329,PMS-436,Korea/N China,41.3,123.7,0.8,0.2,0,0,0,0,0,0,Miscanthus sinensis  'PMS-436',M. sinensis,168
337,PMS-438,Korea/N China,41.3,123.7,0.8,0.2,0,0,0,0,0,0,Miscanthus sinensis  'PMS-438',M. sinensis,169
345,DC-2010-001 A,US naturalized,38.9,-77,0,0,0.3,0.1,0,0.5,0,0,DC-2010-001 A,M. sinensis,1
353,DC-2010-001 E,US naturalized,38.9,-77,0,0,0.3,0.1,0,0.5,0,0,DC-2010-001 E,M. sinensis,2
361,KY-2009-001-B(20)-b,US naturalized,37.8,-83.7,0,0,0.3,0.1,0,0.5,0,0,KY-2009-001-B(20)-b,M. sinensis,5
369,KY-2009-001-B(20)-e,US naturalized,37.8,-83.7,0,0,0.3,0.1,0,0.5,0,0,KY-2009-001-B(20)-e,M. sinensis,6
377,KY-2009-001 C,US naturalized,37.8,-83.7,0,0,0.3,0.1,0,0.5,0,0,KY-2009-001 C,M. sinensis,3
385,KY-2009-001 D,US naturalized,37.8,-83.7,0,0,0.3,0.1,0.1,0.5,0,0,KY-2009-001 D,M. sinensis,4
393,NC-2010-001-009,US naturalized,35.5,-82.5,0,0,0.3,0,0,0.6,0,0,NC-2010-001-009,M. sinensis,100
401,NC-2010-001-010,US naturalized,35.5,-82.5,0,0,0.3,0,0,0.6,0,0,NC-2010-001-010,M. sinensis,101
409,NC-2010-001.5-B(18)-a,US naturalized,35.5,-82.6,0,0,0.2,0,0,0.6,0,0,NC-2010-001.5-B(18)-a,M. sinensis,98
417,NC-2010-001.5-B(18)-b,US naturalized,35.5,-82.6,0,0,0.3,0,0,0.6,0,0,NC-2010-001.5-B(18)-b,M. sinensis,99
425,NC-2010-001.5 C,US naturalized,35.5,-82.6,0,0,0.3,0,0.1,0.6,0,0,NC-2010-001.5 C,M. sinensis,97
433,NC-2010-001 B,US naturalized,35.5,-82.5,0,0,0.2,0,0,0.7,0,0,NC-2010-001 B,M. sinensis,96
441,NC-2010-001-B(44)-e,US naturalized,35.5,-82.5,0,0,0.2,0,0,0.6,0,0,NC-2010-001-B(44)-e,M. sinensis,102
449,NC-2010-002-001,US naturalized,35.8,-82.6,0,0,0.2,0,0,0.6,0,0,NC-2010-002-001,M. sinensis,103
457,NC-2010-002-002,US naturalized,35.8,-82.6,0,0,0.3,0,0,0.7,0,0,NC-2010-002-002,M. sinensis,104
465,NC-2010-003-001,US naturalized,35.6,-82.6,0,0,0.3,0,0,0.6,0,0,NC-2010-003-001,M. sinensis,107
473,NC-2010-003-B(50)-a,US naturalized,35.6,-82.6,0,0,0.2,0,0,0.7,0,0,NC-2010-003-B(50)-a,M. sinensis,108
481,NC-2010-003-B(50)-b,US naturalized,35.6,-82.6,0,0,0.2,0,0,0.7,0,0,NC-2010-003-B(50)-b,M. sinensis,109
489,NC-2010-003 D,US naturalized,35.6,-82.6,0,0,0.2,0,0,0.6,0,0,NC-2010-003 D,M. sinensis,105
497,NC-2010-003 E,US naturalized,35.6,-82.6,0,0,0.3,0,0,0.6,0,0,NC-2010-003 E,M. sinensis,106
505,NC-2010-004-B(37)-b,US naturalized,35.8,-82.5,0,0,0.4,0.1,0,0.5,0,0,NC-2010-004-B(37)-b,M. sinensis,111
513,NC-2010-004-B(37)-d,US naturalized,35.8,-82.5,0,0,0.2,0,0,0.6,0,0,NC-2010-004-B(37)-d,M. sinensis,112
521,NC-2010-004 E,US naturalized,35.8,-82.5,0,0,0.3,0,0.1,0.6,0,0,NC-2010-004 E,M. sinensis,110
529,OH-2009-001-B(20)-b,US naturalized,39.5,-81.3,0,0,0.3,0.1,0,0.5,0,0,OH-2009-001-B(20)-b,M. sinensis,113
537,OH-2009-001-B(20)-d,US naturalized,39.5,-81.3,0,0,0.3,0.1,0,0.5,0,0,OH-2009-001-B(20)-d,M. sinensis,114
545,PA-2010-001-005,US naturalized,40.1,-75.5,0,0,0.4,0.1,0,0.4,0,0,PA-2010-001-005,M. sinensis,115
553,PA-2010-001-B(63)-a,US naturalized,40.1,-75.5,0,0,0.3,0.1,0,0.5,0,0,PA-2010-001-B(63)-a,M. sinensis,116
561,PA-2010-001-B(63)-c,US naturalized,40.1,-75.5,0,0,0.4,0.1,0,0.4,0,0,PA-2010-001-B(63)-c,M. sinensis,117
569,PA-2010-002-004,US naturalized,40,-75.4,0,0,0.4,0.1,0,0.4,0,0,PA-2010-002-004,M. sinensis,119
577,PA-2010-002-013,US naturalized,40,-75.4,0,0,0.4,0.1,0,0.4,0,0,PA-2010-002-013,M. sinensis,120
585,PA-2010-002-015,US naturalized,40,-75.4,0,0,0.4,0.1,0,0.4,0,0,PA-2010-002-015,M. sinensis,121
593,PA-2010-002-B(3)-b,US naturalized,40,-75.4,0,0,0.4,0.1,0,0.4,0,0,PA-2010-002-B(3)-b,M. sinensis,122
601,PA-2010-002-B(3)-d,US naturalized,40,-75.4,0,0,0.2,0,0,0.7,0,0,PA-2010-002-B(3)-d,M. sinensis,123
609,PA-2010-002 E,US naturalized,40,-75.4,0,0,0.4,0.1,0,0.4,0,0,PA-2010-002 E,M. sinensis,118
617,PA-2010-003-B(20)-b,US naturalized,40,-75.4,0,0,0.4,0.1,0,0.4,0,0,PA-2010-003-B(20)-b,M. sinensis,124
625,PA-2010-003-B(20)-c,US naturalized,40,-75.4,0,0,0.4,0.1,0,0.4,0,0,PA-2010-003-B(20)-c,M. sinensis,125
633,PI230189,SE China/tropical,NA,NA,0,0,0,0,0.9,0,0,0.1,M. floridulus  'US56-0022-03',M. floridulus,10
641,PI294602,SE China/tropical,NA,NA,0,0,0,0,0.8,0,0,0.1,M. sinensis  'US64-0004-02',M. sinensis,78
649,PI294605,SE China/tropical,NA,NA,0,0,0.3,0,0.4,0.2,0,0.1,M. sinensis var. condensatus  'US64-0007-01',M. sinensis var. condensatus,85
657,PI295762,SE China/tropical,NA,NA,0,0,0,0,0.9,0,0,0.1,M. floridulus  'PI295762',M. floridulus,9
665,PI295764,SE China/tropical,NA,NA,0,0,0,0,0.9,0,0,0.1,M. sinensis  'Gracillimus'--PI295764,M. sinensis,38
673,PI302423,SE China/tropical,NA,NA,0,0,0.1,0,0.8,0,0,0.1,M. sp  'US64-0016-03',M. sp,91
681,PI417947,SE China/tropical,-9.5,147.1,0,0,0,0,0.8,0,0,0.1,M. floridulus  'NG77-022',M. floridulus,8
689,PI423566,SE China/tropical,NA,NA,0,0,0,0,0.8,0.1,0,0.1,M. sp  'M75-062',M. sp,90
697,UI10-00008,M. sacchariflorus 2x,NA,NA,0,0,0,0,0,0,1,0,M. sacchariflorus  'Hortico',M. sacchariflorus,11
705,UI10-00012,Ornamental,NA,NA,0,0,0.7,0,0,0.2,0,0,M. sinensis var. condensatus 'Cabaret',M. sinensis var. condensatus,86
713,UI10-00015,Ornamental,NA,NA,0,0,0.7,0.1,0,0.3,0,0,M. sinensis var. condensatus 'Cosmopolitan',M. sinensis var. condensatus,87
721,UI10-00017,Ornamental,NA,NA,0,0,0.3,0.1,0,0.6,0,0,M. sinensis var. condensatus--UI10-00017,M. sinensis,88
729,UI10-00019,M. xgiganteus 2x,NA,NA,0.4,0,0,0,0,0,0.6,0,M. sinensis var. purpurascens,M. sinensis var. purpurascens,89
737,UI10-00020,Ornamental,NA,NA,0,0,0.2,0,0.1,0.7,0,0,M. sinensis  'Adagio',M. sinensis,12
745,UI10-00021,Ornamental,NA,NA,0.1,0,0.2,0.2,0,0.3,0.2,0,M. sinensis  'Allegro',M. sinensis,13
753,UI10-00022,Ornamental,NA,NA,0,0,0.7,0.1,0,0.1,0,0,M. sinensis  'Altweibersommer',M. sinensis,14
761,UI10-00023,Ornamental,NA,NA,0,0,0.4,0.1,0,0.3,0.1,0,M. sinensis  'Andante',M. sinensis,15
769,UI10-00024,Ornamental,NA,NA,0,0,0.2,0,0.1,0.7,0,0,M. sinensis  'Arabesque',M. sinensis,16
777,UI10-00025,Ornamental,NA,NA,0,0,0.2,0,0,0.6,0,0,M. sinensis  'Autumn Light',M. sinensis,17
785,UI10-00026,Ornamental,NA,NA,0.1,0,0.3,0.2,0,0.3,0.1,0,M. sinensis  'Ben Graz',M. sinensis,18
793,UI10-00027,Ornamental,NA,NA,0.1,0,0.3,0.1,0,0.4,0.2,0,M. sinensis  'Ben Rotkopf',M. sinensis,19
801,UI10-00028,Ornamental,NA,NA,0,0,0.7,0.1,0,0.2,0,0,M. sinensis  'Berlin',M. sinensis,20
809,UI10-00029,Ornamental,NA,NA,0,0,0.2,0.3,0,0.3,0.1,0,M. sinensis  'Bitsy Ben',M. sinensis,21
817,UI10-00030,Ornamental,NA,NA,0,0,0.8,0.1,0,0.1,0,0,M. sinensis  'Blondo',M. sinensis,22
825,UI10-00031,Ornamental,NA,NA,0.1,0,0.2,0.3,0,0.3,0.1,0,M. sinensis  'Bluetenwunder',M. sinensis,23
833,UI10-00032,Ornamental,NA,NA,0,0,0.5,0.2,0,0.2,0,0,M. sinensis  'Bodacious Ben',M. sinensis,24
841,UI10-00033,Ornamental,NA,NA,0,0,0.3,0.1,0,0.5,0,0,M. sinensis  'Border Bandit',M. sinensis,25
849,UI10-00035,Ornamental,NA,NA,0.2,0,0.1,0,0,0.3,0.2,0,M. sinensis  'Burgander',M. sinensis,26
857,UI10-00036,Ornamental,NA,NA,0,0,0.2,0,0,0.7,0,0,M. sinensis  'Dixieland',M. sinensis,27
865,UI10-00038,Ornamental,NA,NA,0,0,0.7,0.1,0,0.2,0,0,M. sinensis  'Emerald Shadow',M. sinensis,28
873,UI10-00039,Ornamental,NA,NA,0.1,0,0.1,0.1,0.3,0.2,0.1,0,M. sinensis  'Emmanuel LePage',M. sinensis,29
881,UI10-00040,Ornamental,NA,NA,0.2,0,0.1,0.1,0,0.3,0.2,0,M. sinensis  'Ferner Osten (Far East)',M. sinensis,30
889,UI10-00042,Ornamental,NA,NA,0.1,0,0.2,0.2,0,0.3,0.2,0,M. sinensis  'Giraffe',M. sinensis,32
897,UI10-00043,Ornamental,NA,NA,0,0,0.2,0,0.1,0.6,0,0,M. sinensis  'Gold and Silver',M. sinensis,33
905,UI10-00044,Ornamental,NA,NA,0,0,0.4,0.1,0,0.2,0.1,0,M. sinensis  'Gold Bar',M. sinensis,34
913,UI10-00045,Ornamental,NA,NA,0,0,0.8,0.1,0,0.1,0,0,M. sinensis  'Goldfeder',M. sinensis,35
921,UI10-00047,Ornamental,NA,NA,0.1,0,0.1,0.3,0,0.3,0.1,0,M. sinensis  'Goliath',M. sinensis,36
929,UI10-00048,Ornamental,NA,NA,0,0,0.2,0,0,0.6,0,0,M. sinensis  'Gracillimus'--UI10-00048,M. sinensis,39
937,UI10-00051,Ornamental,NA,NA,0,0,0.2,0,0.1,0.6,0,0,M. sinensis  'Gracillimus Nana',M. sinensis,37
945,UI10-00052,Ornamental,NA,NA,0,0,0.2,0.3,0,0.3,0.1,0,M. sinensis  'Graziella',M. sinensis,40
953,UI10-00053,Ornamental,NA,NA,0,0,0.2,0.2,0,0.5,0,0,M. sinensis  'Grosse Fontaine',M. sinensis,41
961,UI10-00056,Ornamental,NA,NA,0,0,0.5,0.2,0,0.2,0.1,0,M. sinensis  'Huron Blush',M. sinensis,43
969,UI10-00057,Ornamental,NA,NA,0.1,0,0.1,0.2,0,0.3,0.2,0,M. sinensis  'Huron Sentinel',M. sinensis,44
977,UI10-00058,Ornamental,NA,NA,0.1,0,0.2,0.2,0,0.3,0.1,0,M. sinensis  'Huron Sunrise',M. sinensis,45
985,UI10-00060,Ornamental,NA,NA,0,0,0.3,0.3,0,0.3,0,0,M. sinensis  'July (Juli)',M. sinensis,46
993,UI10-00061,Ornamental,NA,NA,0,0,0.2,0.2,0,0.5,0,0,M. sinensis  'Kaskade',M. sinensis,47
1001,UI10-00062,Ornamental,NA,NA,0,0,0.4,0.1,0,0.4,0,0,M. sinensis  'Kirk Alexander',M. sinensis,48
1009,UI10-00063,Ornamental,NA,NA,0.1,0,0.2,0.1,0,0.5,0,0,M. sinensis  'Kleine Fontaine',M. sinensis,49
1017,UI10-00064,Ornamental,NA,NA,0.1,0,0.2,0,0.1,0.5,0.1,0,M. sinensis  'Kleine Silberspinne (Little Silver Spider)',M. sinensis,50
1025,UI10-00065,Ornamental,NA,NA,0,0,0.2,0.1,0.1,0.6,0,0,M. sinensis  'Little Kitten',M. sinensis,51
1033,UI10-00066,Ornamental,NA,NA,0,0,0.4,0.1,0,0.4,0,0,M. sinensis  'Little Nickey (syn. Hinjo)',M. sinensis,52
1041,UI10-00067,Ornamental,NA,NA,0,0,0.2,0,0.1,0.5,0.1,0,M. sinensis  'Little Zebra',M. sinensis,53
1049,UI10-00070,Ornamental,NA,NA,0.1,0,0.4,0.1,0,0.4,0.1,0,M. sinensis  'Minuette',M. sinensis,54
1057,UI10-00071,Ornamental,NA,NA,0,0,0.2,0,0,0.6,0,0,M. sinensis  'Morning Light',M. sinensis,55
1065,UI10-00072,Ornamental,NA,NA,0.1,0,0.1,0,0.1,0.3,0.4,0,M. sinensis  'Mt. Washington',M. sinensis,56
1073,UI10-00073,Ornamental,NA,NA,0.1,0,0.3,0.1,0,0.4,0,0,M. sinensis  'Mysterious Maiden',M. sinensis,57
1081,UI10-00074,Ornamental,NA,NA,0.2,0,0.1,0.1,0,0.3,0.2,0,M. sinensis  'Nippon',M. sinensis,58
1089,UI10-00075,Ornamental,NA,NA,0,0,0.3,0.1,0,0.5,0,0,M. sinensis  'November Sunset',M. sinensis,59
1097,UI10-00078,Ornamental,NA,NA,0.1,0,0.3,0.1,0,0.4,0.2,0,M. sinensis  'Puenktchen (Little Dot)',M. sinensis,61
1105,UI10-00079,Ornamental,NA,NA,0,0,0.2,0,0,0.6,0,0,M. sinensis  'Rigoletto',M. sinensis,62
1113,UI10-00080,Ornamental,NA,NA,0,0,0.7,0.1,0,0.1,0,0,M. sinensis  'Roland',M. sinensis,63
1121,UI10-00081,Ornamental,NA,NA,0.1,0,0.1,0.2,0,0.3,0.2,0,M. sinensis  'Roter Pfeil (Red Arrow',M. sinensis,64
1129,UI10-00082,Ornamental,NA,NA,0.1,0,0.2,0.1,0,0.5,0,0,M. sinensis  'Rotsilber',M. sinensis,65
1137,UI10-00083,Ornamental,NA,NA,0,0,0.2,0,0.1,0.6,0,0,M. sinensis  'Sarabande',M. sinensis,66
1145,UI10-00084,Ornamental,NA,NA,0,0,0.2,0,0,0.7,0,0,M. sinensis  'Silberfeder (Silver Feather)'--UI10-00084,M. sinensis,67
1153,UI10-00085,Ornamental,NA,NA,0,0,0.8,0.1,0,0,0,0,M. sinensis  'Silberfeder (Silver Feather)'--UI10-00085,M. sinensis,68
1161,UI10-00086,Ornamental,NA,NA,0,0,0.2,0,0,0.7,0,0,M. sinensis  'Silberfeil (Silver Arrow)',M. sinensis,69
1169,UI10-00087,Ornamental,NA,NA,0,0,0.2,0,0.1,0.6,0,0,M. sinensis  'Silberspinne (Silver Spider)',M. sinensis,70
1177,UI10-00088,Ornamental,NA,NA,0,0,0.7,0.1,0,0.2,0,0,M. sinensis  'Silberturm (Silver Tower)',M. sinensis,71
1185,UI10-00089,Ornamental,NA,NA,0.1,0,0.1,0.2,0,0.3,0.2,0,M. sinensis  'Sirene',M. sinensis,72
1193,UI10-00090,Ornamental,NA,NA,0.1,0,0.3,0.1,0,0.4,0.1,0,M. sinensis  'Stardust',M. sinensis,73
1201,UI10-00092,Ornamental,NA,NA,0,0,0.4,0.1,0,0.4,0,0,M. sinensis  'Strictus',M. sinensis,74
1209,UI10-00094,Ornamental,NA,NA,0,0,0.4,0.2,0,0.3,0,0,M. sinensis  'Super Stripe',M. sinensis,75
1217,UI10-00096,Ornamental,NA,NA,0.1,0,0.2,0.1,0,0.4,0.1,0,M. sinensis  'Undine',M. sinensis,76
1225,UI10-00097,Ornamental,NA,NA,0,0,0.2,0,0,0.7,0,0,M. sinensis  'Variegatus',M. sinensis,79
1233,UI10-00099,Ornamental,NA,NA,0.1,0,0.2,0.1,0,0.4,0.1,0,M. sinensis  'Wetterfahne',M. sinensis,80
1241,UI10-00100,Ornamental,NA,NA,0,0,0.2,0,0.1,0.6,0,0,M. sinensis  'Yaku Jima',M. sinensis,81
1249,UI10-00101,Ornamental,NA,NA,0,0,0.2,0,0.1,0.6,0,0,M. sinensis  'Yaku Jima Dwarf',M. sinensis,82
1257,UI10-00102,Ornamental,NA,NA,0,0,0.7,0.2,0,0.1,0,0,M. sinensis  'Zebrinus',M. sinensis,83
1265,UI10-00104,Ornamental,NA,NA,0.1,0,0.2,0.2,0,0.3,0.2,0,M. sinensis  'Zwergzebra',M. sinensis,84
1273,UI10-00105,Ornamental,NA,NA,0,0,0.1,0,0.8,0,0,0.1,M. transmorrisonensis  'Arnin's Weeping',M. transmorrisonensis,93
1281,UI10-00106,Ornamental,NA,NA,0,0,0.3,0.1,0.3,0.3,0,0,M. transmorrisonensis,M. transmorrisonensis,92
1289,UI10-00107,M. xgiganteus 3x,NA,NA,0,0,0.1,0,0,0.3,0.6,0,M. ×giganteus  'Illinois',M. ×giganteus,7
1297,UI11-00009,Ornamental,NA,NA,0.1,0,0.2,0.3,0,0.3,0.1,0,M. sinensis  'Positano',M. sinensis,60
1305,UI11-00024,Ornamental,NA,NA,0,0,0.5,0.1,0,0.4,0,0,M. sinensis  'Flamingo',M. sinensis,31
1313,UI12-00001,Ornamental,NA,NA,0.1,0,0.2,0.2,0,0.3,0.2,0,Miscanthus sinensis  'Zwergelefant',M. sinensis,95
1321,UI12-00002,Ornamental,NA,NA,0,0,0.6,0.1,0,0.3,0,0,Miscanthus sinensis  'Malepartus',M. sinensis,94
1329,VA-2010-001-022,US naturalized,38.6,-77.4,0,0,0.2,0,0,0.6,0,0,VA-2010-001-022,M. sinensis,143
1337,VA-2010-001-B(40)-e,US naturalized,38.6,-77.4,0,0,0.2,0,0.1,0.6,0,0,VA-2010-001-B(40)-e,M. sinensis,144
1345,UI12-00005,Ornamental,NA,NA,NA,NA,NA,NA,NA,NA,NA,NA,M. sinensis  'Haiku',M. sinensis,42