"","SNP","Gene","chr","start","end","width","strand"
"1","NsiI.TP211798","Sobic.001G444100.1","Chr01",72126363,72130476,4114,"+"
"2","NsiI.TP211798","Sobic.001G444100.2","Chr01",72126363,72130476,4114,"+"
"3","NsiI.TP211798","Sobic.001G444200.1","Chr01",72130897,72132804,1908,"-"
"4","NsiI.TP211798","Sobic.001G444100.1","Chr01",72126363,72130476,4114,"+"
"5","NsiI.TP211798","Sobic.001G444100.2","Chr01",72126363,72130476,4114,"+"
"6","NsiI.TP211798","Sobic.001G444200.1","Chr01",72130897,72132804,1908,"-"
"7","NsiI.TP218789","Sobic.003G194500.1","Chr03",51790405,51796572,6168,"+"
"8","NsiI.TP250072","Sobic.009G050900.1","Chr09",5048810,5056136,7327,"+"
"9","NsiI.TP250072","Sobic.009G050900.2","Chr09",5048810,5056136,7327,"+"
"10","NsiI.TP257077","Sobic.001G079500.1","Chr01",6104059,6105842,1784,"+"
"11","NsiI.TP257077","Sobic.001G079401.1","Chr01",6101772,6103638,1867,"-"
"12","NsiI.TP257077","Sobic.001G079500.1","Chr01",6104059,6105842,1784,"+"
"13","NsiI.TP257077","Sobic.001G079401.1","Chr01",6101772,6103638,1867,"-"
"14","NsiI.TP296881","Sobic.010G087300.1","Chr10",7481503,7488404,6902,"-"
"15","NsiI.TP296881","Sobic.010G087300.2","Chr10",7481503,7488404,6902,"-"
"16","NsiI.TP296881","Sobic.010G087300.3","Chr10",7481503,7488404,6902,"-"
"17","NsiI.TP296932","Sobic.009G142000.1","Chr09",49932745,49941367,8623,"+"
"18","NsiI.TP296932","Sobic.009G142000.2","Chr09",49932745,49941367,8623,"+"
"19","NsiI.TP346008","Sobic.004G350700.1","Chr04",67934120,67938364,4245,"-"
"20","NsiI.TP39740","Sobic.002G001300.3","Chr02",184995,187169,2175,"-"
"21","NsiI.TP404457","Sobic.001G494950.1","Chr01",76400530,76402484,1955,"-"
"22","NsiI.TP404457","Sobic.001G495000.2","Chr01",76403349,76412452,9104,"-"
"23","NsiI.TP404457","Sobic.001G495000.3","Chr01",76403349,76412452,9104,"-"
"24","NsiI.TP404457","Sobic.001G494950.1","Chr01",76400530,76402484,1955,"-"
"25","NsiI.TP404457","Sobic.001G495000.2","Chr01",76403349,76412452,9104,"-"
"26","NsiI.TP404457","Sobic.001G495000.3","Chr01",76403349,76412452,9104,"-"
"27","NsiI.TP441693","Sobic.003G029900.1","Chr03",2655907,2661093,5187,"+"
"28","NsiI.TP482264","Sobic.001G376600.1","Chr01",66519811,66521335,1525,"+"
"29","NsiI.TP647736","Sobic.006G215400.1","Chr06",56339325,56347787,8463,"-"
"30","NsiI.TP648509","Sobic.010G146000.1","Chr10",41350269,41353669,3401,"-"
"31","NsiI.TP762935","Sobic.006G018800.1","Chr06",3178404,3183167,4764,"+"
"32","PstI.TP1016611","Sobic.001G150200.1","Chr01",12063885,12067646,3762,"+"
"33","PstI.TP1025634","Sobic.002G347300.1","Chr02",71274474,71279160,4687,"+"
"34","PstI.TP1040729","Sobic.004G197300.1","Chr04",54843306,54844272,967,"-"
"35","PstI.TP1040729","Sobic.004G197400.1","Chr04",54844528,54853373,8846,"-"
"36","PstI.TP1040729","Sobic.004G197300.1","Chr04",54843306,54844272,967,"-"
"37","PstI.TP1040729","Sobic.004G197400.1","Chr04",54844528,54853373,8846,"-"
"38","PstI.TP1280049","Sobic.003G049600.2","Chr03",4541987,4548948,6962,"+"
"39","PstI.TP134129","Sobic.009G158000.1","Chr09",51568670,51573600,4931,"+"
"40","PstI.TP148994","Sobic.006G110600.1","Chr06",47929464,47932464,3001,"+"
"41","PstI.TP148994","Sobic.006G110500.2","Chr06",47927268,47929907,2640,"-"
"42","PstI.TP148994","Sobic.006G110600.1","Chr06",47929464,47932464,3001,"+"
"43","PstI.TP148994","Sobic.006G110500.2","Chr06",47927268,47929907,2640,"-"
"44","PstI.TP150197","Sobic.001G258200.2","Chr01",30649723,30655105,5383,"+"
"45","PstI.TP150197","Sobic.001G258200.1","Chr01",30649854,30655094,5241,"+"
"46","PstI.TP161086","Sobic.008G185200.2","Chr08",61950585,61955905,5321,"+"
"47","PstI.TP161086","Sobic.008G185200.3","Chr08",61950585,61955905,5321,"+"
"48","PstI.TP188641","Sobic.003G071600.1","Chr03",6087430,6092352,4923,"+"
"49","PstI.TP298201","Sobic.006G009200.1","Chr06",1374025,1379411,5387,"-"
"50","PstI.TP326891","Sobic.001G467200.1","Chr01",74033170,74037753,4584,"+"
"51","PstI.TP326891","Sobic.001G467200.2","Chr01",74033170,74037753,4584,"+"
"52","PstI.TP426528","Sobic.002G401700.1","Chr02",75226896,75229771,2876,"+"
"53","PstI.TP434866","Sobic.006G022200.1","Chr06",3913531,3923044,9514,"+"
"54","PstI.TP457393","Sobic.001G313800.1","Chr01",60096593,60097417,825,"+"
"55","PstI.TP476886","Sobic.002G175400.1","Chr02",55392886,55396332,3447,"+"
"56","PstI.TP504809","Sobic.004G063900.1","Chr04",5155109,5156644,1536,"+"
"57","PstI.TP548121","Sobic.009G247100.1","Chr09",58252379,58255448,3070,"+"
"58","PstI.TP648736","Sobic.004G254800.3","Chr04",60108846,60115112,6267,"-"
"59","PstI.TP648736","Sobic.004G254800.4","Chr04",60108846,60115112,6267,"-"
"60","PstI.TP65527","Sobic.010G265900.1","Chr10",60136399,60140204,3806,"-"
"61","PstI.TP663427","Sobic.001G425300.1","Chr01",70526724,70529971,3248,"-"
"62","PstI.TP697156","Sobic.004G105100.1","Chr04",9913834,9917972,4139,"+"
"63","PstI.TP710636","Sobic.006G089266.1","Chr06",45890642,45893572,2931,"+"
"64","PstI.TP710636","Sobic.006G089300.2","Chr06",45893609,45897184,3576,"-"
"65","PstI.TP710636","Sobic.006G089300.1","Chr06",45893609,45897801,4193,"-"
"66","PstI.TP710636","Sobic.006G089300.3","Chr06",45893609,45897801,4193,"-"
"67","PstI.TP710636","Sobic.006G089266.1","Chr06",45890642,45893572,2931,"+"
"68","PstI.TP710636","Sobic.006G089300.2","Chr06",45893609,45897184,3576,"-"
"69","PstI.TP710636","Sobic.006G089300.1","Chr06",45893609,45897801,4193,"-"
"70","PstI.TP710636","Sobic.006G089300.3","Chr06",45893609,45897801,4193,"-"
"71","PstI.TP714069","Sobic.004G281800.1","Chr04",62405460,62410611,5152,"+"
"72","PstI.TP744556","Sobic.001G491200.1","Chr01",76097084,76103065,5982,"-"
"73","PstI.TP75301","Sobic.006G077000.2","Chr06",44312344,44314731,2388,"+"
"74","PstI.TP754866","Sobic.001G407900.2","Chr01",69199763,69205422,5660,"-"
"75","PstI.TP770722","Sobic.001G374800.1","Chr01",66343883,66347659,3777,"+"
"76","PstI.TP770722","Sobic.001G374900.1","Chr01",66348484,66349434,951,"+"
"77","PstI.TP770722","Sobic.001G374800.1","Chr01",66343883,66347659,3777,"+"
"78","PstI.TP770722","Sobic.001G374900.1","Chr01",66348484,66349434,951,"+"
"79","PstI.TP774963","Sobic.006G013300.1","Chr06",1909956,1914230,4275,"+"
"80","PstI.TP788586","Sobic.006G231266.1","Chr06",57439537,57442937,3401,"+"
"81","PstI.TP788586","Sobic.006G231400.1","Chr06",57443138,57445069,1932,"+"
"82","PstI.TP788586","Sobic.006G231266.1","Chr06",57439537,57442937,3401,"+"
"83","PstI.TP788586","Sobic.006G231400.1","Chr06",57443138,57445069,1932,"+"
"84","PstI.TP790069","Sobic.002G007400.1","Chr02",698947,700577,1631,"-"
"85","PstI.TP838455","Sobic.002G261600.1","Chr02",64673010,64686425,13416,"-"
"86","PstI.TP838455","Sobic.002G261600.2","Chr02",64673010,64686425,13416,"-"
"87","PstI.TP838455","Sobic.002G261600.5","Chr02",64674724,64686425,11702,"-"
"88","PstI.TP838455","Sobic.002G261600.3","Chr02",64678962,64686425,7464,"-"
"89","PstI.TP852023","Sobic.004G162200.1","Chr04",51111914,51121956,10043,"-"
"90","PstI.TP940999","Sobic.003G346200.8","Chr03",66707730,66712581,4852,"-"
"91","PstI.TP940999","Sobic.003G346200.1","Chr03",66707730,66712585,4856,"-"
"92","PstI.TP940999","Sobic.003G346200.2","Chr03",66707730,66713706,5977,"-"
"93","PstI.TP940999","Sobic.003G346200.4","Chr03",66707730,66713724,5995,"-"
"94","PstI.TP940999","Sobic.003G346200.6","Chr03",66707730,66713729,6000,"-"
"95","PstI.TP940999","Sobic.003G346200.9","Chr03",66707730,66713733,6004,"-"
"96","PstI.TP940999","Sobic.003G346200.10","Chr03",66707730,66713758,6029,"-"
"97","PstI.TP940999","Sobic.003G346200.5","Chr03",66707730,66713904,6175,"-"
"98","PstI.TP940999","Sobic.003G346200.3","Chr03",66707730,66713951,6222,"-"
"99","PstI.TP940999","Sobic.003G346200.7","Chr03",66707730,66714083,6354,"-"
"100","PstI.TP969142","Sobic.001G425800.2","Chr01",70551663,70557840,6178,"-"
"101","PstI.TP969142","Sobic.001G425800.1","Chr01",70551947,70557834,5888,"-"
"102","PstI.TP969142","Sobic.001G425800.3","Chr01",70551947,70557834,5888,"-"
"103","PstI.TP969142","Sobic.001G425900.1","Chr01",70559102,70564400,5299,"-"
"104","PstI.TP969142","Sobic.001G425800.2","Chr01",70551663,70557840,6178,"-"
"105","PstI.TP969142","Sobic.001G425800.1","Chr01",70551947,70557834,5888,"-"
"106","PstI.TP969142","Sobic.001G425800.3","Chr01",70551947,70557834,5888,"-"
"107","PstI.TP969142","Sobic.001G425900.1","Chr01",70559102,70564400,5299,"-"
"108","PstI.TP976305","Sobic.009G238100.2","Chr09",57616677,57620928,4252,"+"
"109","PstI.TP980214","Sobic.001G135500.1","Chr01",10677948,10687148,9201,"+"
"110","PstI.TP980214","Sobic.001G135600.1","Chr01",10687166,10691438,4273,"-"
"111","PstI.TP980214","Sobic.001G135500.1","Chr01",10677948,10687148,9201,"+"
"112","PstI.TP980214","Sobic.001G135600.1","Chr01",10687166,10691438,4273,"-"
"113","PstI.TP995173","Sobic.002G333400.1","Chr02",70168822,70173890,5069,"-"
"114","GFSSContig18221_1150","Sobic.007G053100.1","Chr07",5393317,5400889,7573,"+"
"115","NsiI.TP361622","Sobic.001G413100.1","Chr01",69531328,69535760,4433,"-"
"116","NsiI.TP390222","Sobic.004G237000.1","Chr04",58488864,58490438,1575,"+"
"117","NsiI.TP471487","Sobic.010G188500.1","Chr10",52896453,52900041,3589,"+"
"118","NsiI.TP750593","Sobic.004G266300.2","Chr04",61075033,61085127,10095,"-"
"119","NsiI.TP750593","Sobic.004G266300.1","Chr04",61075045,61085127,10083,"-"
"120","NsiI.TP750593","Sobic.004G266300.3","Chr04",61075777,61085127,9351,"-"
"121","NsiI.TP762935","Sobic.006G018800.1","Chr06",3178404,3183167,4764,"+"
"122","PstI.TP1082141","Sobic.002G187500.1","Chr02",57174223,57176527,2305,"+"
"123","PstI.TP110898","Sobic.010G104900.1","Chr10",9875884,9881144,5261,"-"
"124","PstI.TP110898","Sobic.010G104900.3","Chr10",9875884,9881144,5261,"-"
"125","PstI.TP110898","Sobic.010G104900.4","Chr10",9875884,9881144,5261,"-"
"126","PstI.TP110898","Sobic.010G104900.2","Chr10",9876675,9881144,4470,"-"
"127","PstI.TP1145813","Sobic.005G206500.1","Chr05",69260461,69264619,4159,"-"
"128","PstI.TP1158211","Sobic.003G281200.1","Chr03",61615956,61622310,6355,"+"
"129","PstI.TP1158211","Sobic.003G281300.1","Chr03",61620333,61624955,4623,"+"
"130","PstI.TP1158211","Sobic.003G281200.1","Chr03",61615956,61622310,6355,"+"
"131","PstI.TP1158211","Sobic.003G281300.1","Chr03",61620333,61624955,4623,"+"
"132","PstI.TP1214992","Sobic.003G220200.1","Chr03",55538595,55546807,8213,"+"
"133","PstI.TP1214992","Sobic.003G220200.2","Chr03",55538595,55546807,8213,"+"
"134","PstI.TP1214992","Sobic.003G220266.1","Chr03",55546852,55547957,1106,"+"
"135","PstI.TP1214992","Sobic.003G220266.2","Chr03",55546852,55547957,1106,"+"
"136","PstI.TP1214992","Sobic.003G220200.1","Chr03",55538595,55546807,8213,"+"
"137","PstI.TP1214992","Sobic.003G220200.2","Chr03",55538595,55546807,8213,"+"
"138","PstI.TP1214992","Sobic.003G220266.1","Chr03",55546852,55547957,1106,"+"
"139","PstI.TP1214992","Sobic.003G220266.2","Chr03",55546852,55547957,1106,"+"
"140","PstI.TP1268585","Sobic.001G040200.1","Chr01",2987435,2989263,1829,"-"
"141","PstI.TP197493","Sobic.007G033700.1","Chr07",2950375,2954296,3922,"-"
"142","PstI.TP258621","Sobic.001G470800.1","Chr01",74358530,74362956,4427,"+"
"143","PstI.TP292268","Sobic.005G037700.1","Chr05",3448722,3450155,1434,"+"
"144","PstI.TP308053","Sobic.001G107500.1","Chr01",8331250,8334555,3306,"-"
"145","PstI.TP315072","Sobic.008G034000.2","Chr08",3138888,3140962,2075,"-"
"146","PstI.TP387329","Sobic.009G214600.1","Chr09",55959390,55962236,2847,"+"
"147","PstI.TP392482","Sobic.001G196000.1","Chr01",17610486,17622072,11587,"+"
"148","PstI.TP393536","Sobic.001G378200.1","Chr01",66631252,66633147,1896,"-"
"149","PstI.TP457393","Sobic.001G313800.1","Chr01",60096593,60097417,825,"+"
"150","PstI.TP458366","Sobic.008G109200.1","Chr08",50729348,50731114,1767,"-"
"151","PstI.TP537292","Sobic.001G514400.1","Chr01",78160422,78162432,2011,"+"
"152","PstI.TP537292","Sobic.001G514500.3","Chr01",78162706,78168567,5862,"-"
"153","PstI.TP537292","Sobic.001G514500.6","Chr01",78162706,78168571,5866,"-"
"154","PstI.TP537292","Sobic.001G514500.5","Chr01",78162706,78168572,5867,"-"
"155","PstI.TP537292","Sobic.001G514500.10","Chr01",78162706,78168589,5884,"-"
"156","PstI.TP537292","Sobic.001G514500.2","Chr01",78162706,78168595,5890,"-"
"157","PstI.TP537292","Sobic.001G514500.4","Chr01",78162706,78168595,5890,"-"
"158","PstI.TP537292","Sobic.001G514500.8","Chr01",78162706,78168598,5893,"-"
"159","PstI.TP537292","Sobic.001G514500.9","Chr01",78162706,78168598,5893,"-"
"160","PstI.TP537292","Sobic.001G514500.7","Chr01",78162706,78168624,5919,"-"
"161","PstI.TP537292","Sobic.001G514400.1","Chr01",78160422,78162432,2011,"+"
"162","PstI.TP537292","Sobic.001G514500.3","Chr01",78162706,78168567,5862,"-"
"163","PstI.TP537292","Sobic.001G514500.6","Chr01",78162706,78168571,5866,"-"
"164","PstI.TP537292","Sobic.001G514500.5","Chr01",78162706,78168572,5867,"-"
"165","PstI.TP537292","Sobic.001G514500.10","Chr01",78162706,78168589,5884,"-"
"166","PstI.TP537292","Sobic.001G514500.2","Chr01",78162706,78168595,5890,"-"
"167","PstI.TP537292","Sobic.001G514500.4","Chr01",78162706,78168595,5890,"-"
"168","PstI.TP537292","Sobic.001G514500.8","Chr01",78162706,78168598,5893,"-"
"169","PstI.TP537292","Sobic.001G514500.9","Chr01",78162706,78168598,5893,"-"
"170","PstI.TP537292","Sobic.001G514500.7","Chr01",78162706,78168624,5919,"-"
"171","PstI.TP55941","Sobic.006G150100.1","Chr06",51145123,51147729,2607,"+"
"172","PstI.TP584552","Sobic.002G200900.1","Chr02",59072224,59080793,8570,"+"
"173","PstI.TP584552","Sobic.002G200900.2","Chr02",59072224,59081085,8862,"+"
"174","PstI.TP651320","Sobic.005G111000.1","Chr05",35459895,35482244,22350,"-"
"175","PstI.TP651320","Sobic.005G111000.2","Chr05",35464510,35482244,17735,"-"
"176","PstI.TP704244","Sobic.003G188100.2","Chr03",50686166,50690141,3976,"+"
"177","PstI.TP704244","Sobic.003G188100.3","Chr03",50686717,50690141,3425,"+"
"178","PstI.TP770895","Sobic.001G161200.1","Chr01",13263107,13265447,2341,"+"
"179","PstI.TP770895","Sobic.001G161200.2","Chr01",13263107,13265447,2341,"+"
"180","PstI.TP773172","Sobic.003G215600.1","Chr03",55053821,55062277,8457,"-"
"181","PstI.TP814417","Sobic.007G211000.3","Chr07",63992583,63995898,3316,"-"
"182","PstI.TP814417","Sobic.007G211000.4","Chr07",63992584,63995898,3315,"-"
"183","PstI.TP814417","Sobic.007G211000.5","Chr07",63992606,63995903,3298,"-"
"184","PstI.TP814417","Sobic.007G211000.1","Chr07",63992668,63995898,3231,"-"
"185","PstI.TP898259","Sobic.001G530700.1","Chr01",79440237,79444075,3839,"-"
"186","PstI.TP942675","Sobic.003G319800.1","Chr03",64752392,64755562,3171,"-"
"187","PstI.TP942675","Sobic.003G319800.2","Chr03",64752392,64755562,3171,"-"
"188","PstI.TP942675","Sobic.003G319800.3","Chr03",64753262,64755562,2301,"-"
"189","PstI.TP982503","Sobic.004G207200.1","Chr04",55759003,55765496,6494,"+"
"190","PstI.TP993272","Sobic.002G194700.1","Chr02",58285421,58290186,4766,"+"
"191","NsiI.TP128897","Sobic.006G213300.1","Chr06",56185793,56191223,5431,"-"
"192","NsiI.TP128897","Sobic.006G213300.2","Chr06",56185793,56191223,5431,"-"
"193","NsiI.TP438910","Sobic.004G344200.1","Chr04",67442362,67451137,8776,"+"
"194","NsiI.TP438910","Sobic.004G344200.3","Chr04",67442362,67451589,9228,"+"
"195","NsiI.TP438910","Sobic.004G344200.2","Chr04",67442362,67451659,9298,"+"
"196","NsiI.TP51047","Sobic.002G110500.1","Chr02",13452892,13457488,4597,"+"
"197","NsiI.TP575629","Sobic.004G124700.1","Chr04",14231927,14235182,3256,"+"
"198","NsiI.TP575629","Sobic.004G124800.1","Chr04",14235238,14239251,4014,"-"
"199","NsiI.TP575629","Sobic.004G124700.1","Chr04",14231927,14235182,3256,"+"
"200","NsiI.TP575629","Sobic.004G124800.1","Chr04",14235238,14239251,4014,"-"
"201","NsiI.TP648509","Sobic.010G146000.1","Chr10",41350269,41353669,3401,"-"
"202","NsiI.TP701217","Sobic.008G169400.1","Chr08",60367853,60373737,5885,"-"
"203","NsiI.TP713636","Sobic.005G148100.2","Chr05",61641003,61642030,1028,"-"
"204","NsiI.TP717578","Sobic.010G237900.1","Chr10",58017656,58025166,7511,"+"
"205","PstI.TP1012416","Sobic.002G204600.1","Chr02",59609992,59611962,1971,"+"
"206","PstI.TP1064534","Sobic.003G021800.2","Chr03",1869800,1871472,1673,"+"
"207","PstI.TP108652","Sobic.002G121300.1","Chr02",15956504,15964911,8408,"+"
"208","PstI.TP10996","Sobic.006G239000.1","Chr06",57969070,57983024,13955,"+"
"209","PstI.TP1132955","Sobic.004G297300.1","Chr04",63678188,63683509,5322,"-"
"210","PstI.TP1132955","Sobic.004G297400.3","Chr04",63683622,63687079,3458,"-"
"211","PstI.TP1132955","Sobic.004G297400.4","Chr04",63683622,63687079,3458,"-"
"212","PstI.TP1132955","Sobic.004G297400.7","Chr04",63683622,63687079,3458,"-"
"213","PstI.TP1132955","Sobic.004G297400.2","Chr04",63683622,63687275,3654,"-"
"214","PstI.TP1132955","Sobic.004G297400.5","Chr04",63683622,63687275,3654,"-"
"215","PstI.TP1132955","Sobic.004G297400.1","Chr04",63683851,63687124,3274,"-"
"216","PstI.TP1132955","Sobic.004G297400.6","Chr04",63683856,63687274,3419,"-"
"217","PstI.TP1132955","Sobic.004G297300.1","Chr04",63678188,63683509,5322,"-"
"218","PstI.TP1132955","Sobic.004G297400.3","Chr04",63683622,63687079,3458,"-"
"219","PstI.TP1132955","Sobic.004G297400.4","Chr04",63683622,63687079,3458,"-"
"220","PstI.TP1132955","Sobic.004G297400.7","Chr04",63683622,63687079,3458,"-"
"221","PstI.TP1132955","Sobic.004G297400.2","Chr04",63683622,63687275,3654,"-"
"222","PstI.TP1132955","Sobic.004G297400.5","Chr04",63683622,63687275,3654,"-"
"223","PstI.TP1132955","Sobic.004G297400.1","Chr04",63683851,63687124,3274,"-"
"224","PstI.TP1132955","Sobic.004G297400.6","Chr04",63683856,63687274,3419,"-"
"225","PstI.TP1155086","Sobic.009G142800.4","Chr09",50005037,50008259,3223,"+"
"226","PstI.TP1155086","Sobic.009G142800.3","Chr09",50005042,50008255,3214,"+"
"227","PstI.TP1155086","Sobic.009G142800.5","Chr09",50005632,50008255,2624,"+"
"228","PstI.TP137261","Sobic.001G072900.2","Chr01",5539713,5545111,5399,"+"
"229","PstI.TP14229","Sobic.009G240400.1","Chr09",57788800,57789692,893,"+"
"230","PstI.TP188641","Sobic.003G071600.1","Chr03",6087430,6092352,4923,"+"
"231","PstI.TP197570","Sobic.005G118400.1","Chr05",51808626,51820846,12221,"-"
"232","PstI.TP346744","Sobic.003G195900.1","Chr03",51991307,52014851,23545,"-"
"233","PstI.TP371473","Sobic.010G262300.1","Chr10",59880031,59884762,4732,"-"
"234","PstI.TP376790","Sobic.001G254700.1","Chr01",28682631,28683824,1194,"+"
"235","PstI.TP376790","Sobic.001G254700.2","Chr01",28682631,28683824,1194,"+"
"236","PstI.TP384804","Sobic.002G265166.1","Chr02",65028763,65029198,436,"-"
"237","PstI.TP39944","Sobic.004G041100.1","Chr04",3371442,3376139,4698,"-"
"238","PstI.TP434866","Sobic.006G022200.1","Chr06",3913531,3923044,9514,"+"
"239","PstI.TP446073","Sobic.007G085300.1","Chr07",10754655,10756113,1459,"-"
"240","PstI.TP452173","Sobic.002G098500.2","Chr02",10523637,10527896,4260,"-"
"241","PstI.TP454285","Sobic.002G242200.1","Chr02",63150942,63153974,3033,"-"
"242","PstI.TP459121","Sobic.001G514400.1","Chr01",78160422,78162432,2011,"+"
"243","PstI.TP459121","Sobic.001G514500.3","Chr01",78162706,78168567,5862,"-"
"244","PstI.TP459121","Sobic.001G514500.6","Chr01",78162706,78168571,5866,"-"
"245","PstI.TP459121","Sobic.001G514500.5","Chr01",78162706,78168572,5867,"-"
"246","PstI.TP459121","Sobic.001G514500.10","Chr01",78162706,78168589,5884,"-"
"247","PstI.TP459121","Sobic.001G514500.2","Chr01",78162706,78168595,5890,"-"
"248","PstI.TP459121","Sobic.001G514500.4","Chr01",78162706,78168595,5890,"-"
"249","PstI.TP459121","Sobic.001G514500.8","Chr01",78162706,78168598,5893,"-"
"250","PstI.TP459121","Sobic.001G514500.9","Chr01",78162706,78168598,5893,"-"
"251","PstI.TP459121","Sobic.001G514500.7","Chr01",78162706,78168624,5919,"-"
"252","PstI.TP459121","Sobic.001G514400.1","Chr01",78160422,78162432,2011,"+"
"253","PstI.TP459121","Sobic.001G514500.3","Chr01",78162706,78168567,5862,"-"
"254","PstI.TP459121","Sobic.001G514500.6","Chr01",78162706,78168571,5866,"-"
"255","PstI.TP459121","Sobic.001G514500.5","Chr01",78162706,78168572,5867,"-"
"256","PstI.TP459121","Sobic.001G514500.10","Chr01",78162706,78168589,5884,"-"
"257","PstI.TP459121","Sobic.001G514500.2","Chr01",78162706,78168595,5890,"-"
"258","PstI.TP459121","Sobic.001G514500.4","Chr01",78162706,78168595,5890,"-"
"259","PstI.TP459121","Sobic.001G514500.8","Chr01",78162706,78168598,5893,"-"
"260","PstI.TP459121","Sobic.001G514500.9","Chr01",78162706,78168598,5893,"-"
"261","PstI.TP459121","Sobic.001G514500.7","Chr01",78162706,78168624,5919,"-"
"262","PstI.TP474390","Sobic.007G092100.1","Chr07",15563546,15569734,6189,"-"
"263","PstI.TP476886","Sobic.002G175400.1","Chr02",55392886,55396332,3447,"+"
"264","PstI.TP478050","Sobic.003G304200.1","Chr03",63458669,63463023,4355,"-"
"265","PstI.TP510424","Sobic.010G083050.1","Chr10",7091012,7092894,1883,"-"
"266","PstI.TP5429","Sobic.002G393266.1","Chr02",74604422,74609738,5317,"+"
"267","PstI.TP57846","Sobic.004G051900.1","Chr04",4197276,4203457,6182,"+"
"268","PstI.TP57846","Sobic.004G051900.3","Chr04",4197618,4203457,5840,"+"
"269","PstI.TP631692","Sobic.002G235700.1","Chr02",62657766,62663108,5343,"+"
"270","PstI.TP704244","Sobic.003G188100.2","Chr03",50686166,50690141,3976,"+"
"271","PstI.TP704244","Sobic.003G188100.3","Chr03",50686717,50690141,3425,"+"
"272","PstI.TP704666","Sobic.004G268200.2","Chr04",61216506,61221364,4859,"+"
"273","PstI.TP704666","Sobic.004G268200.1","Chr04",61216768,61221364,4597,"+"
"274","PstI.TP723544","Sobic.009G021700.1","Chr09",1942720,1944208,1489,"-"
"275","PstI.TP742466","Sobic.005G222000.1","Chr05",70846703,70855117,8415,"-"
"276","PstI.TP745785","Sobic.006G086900.1","Chr06",45613551,45616219,2669,"+"
"277","PstI.TP745785","Sobic.006G086900.2","Chr06",45613551,45616999,3449,"+"
"278","PstI.TP745785","Sobic.006G086900.3","Chr06",45613551,45616999,3449,"+"
"279","PstI.TP761935","Sobic.001G230400.1","Chr01",22258421,22262314,3894,"+"
"280","PstI.TP761935","Sobic.001G230400.2","Chr01",22258421,22262315,3895,"+"
"281","PstI.TP773172","Sobic.003G215600.1","Chr03",55053821,55062277,8457,"-"
"282","PstI.TP789647","Sobic.003G379700.1","Chr03",69351545,69356137,4593,"-"
"283","PstI.TP789647","Sobic.003G379700.2","Chr03",69351545,69356140,4596,"-"
"284","PstI.TP882936","Sobic.001G078300.4","Chr01",5995283,6000823,5541,"+"
"285","PstI.TP882936","Sobic.001G078300.1","Chr01",5995409,6000823,5415,"+"
"286","PstI.TP882936","Sobic.001G078300.3","Chr01",5995409,6000823,5415,"+"
"287","PstI.TP887302","Sobic.007G084300.1","Chr07",10262034,10270154,8121,"-"
"288","PstI.TP887302","Sobic.007G084300.2","Chr07",10262034,10270154,8121,"-"
"289","PstI.TP887302","Sobic.007G084300.3","Chr07",10262034,10270154,8121,"-"
"290","PstI.TP94792","Sobic.001G007500.1","Chr01",728051,731978,3928,"+"
"291","PstI.TP94792","Sobic.001G007600.1","Chr01",732601,736502,3902,"+"
"292","PstI.TP94792","Sobic.001G007500.1","Chr01",728051,731978,3928,"+"
"293","PstI.TP94792","Sobic.001G007600.1","Chr01",732601,736502,3902,"+"
"294","PstI.TP998491","Sobic.002G117600.1","Chr02",14518039,14538095,20057,"-"
"295","GFSSContig17265_1038","Sobic.006G136800.1","Chr06",49923688,49929393,5706,"+"
"296","NsiI.TP41841","Sobic.002G393600.1","Chr02",74626329,74631459,5131,"+"
"297","NsiI.TP471156","Sobic.006G071096.1","Chr06",43353433,43354267,835,"+"
"298","NsiI.TP488716","Sobic.005G054800.1","Chr05",5554693,5556369,1677,"+"
"299","NsiI.TP576208","Sobic.001G216300.1","Chr01",19995777,20001079,5303,"+"
"300","NsiI.TP648509","Sobic.010G146000.1","Chr10",41350269,41353669,3401,"-"
"301","NsiI.TP717578","Sobic.010G237900.1","Chr10",58017656,58025166,7511,"+"
"302","NsiI.TP741199","Sobic.002G204100.3","Chr02",59553871,59556229,2359,"+"
"303","NsiI.TP741199","Sobic.002G204100.2","Chr02",59553903,59555950,2048,"+"
"304","NsiI.TP741199","Sobic.002G204050.1","Chr02",59554397,59555205,809,"-"
"305","NsiI.TP741199","Sobic.002G204100.3","Chr02",59553871,59556229,2359,"+"
"306","NsiI.TP741199","Sobic.002G204100.2","Chr02",59553903,59555950,2048,"+"
"307","NsiI.TP741199","Sobic.002G204050.1","Chr02",59554397,59555205,809,"-"
"308","NsiI.TP741991","Sobic.002G276800.1","Chr02",65958977,65962368,3392,"+"
"309","NsiI.TP766057","Sobic.007G183900.1","Chr07",61707868,61716228,8361,"-"
"310","NsiI.TP766057","Sobic.007G183900.2","Chr07",61707868,61716228,8361,"-"
"311","NsiI.TP769756","Sobic.001G119800.1","Chr01",9317229,9322526,5298,"+"
"312","NsiI.TP769756","Sobic.001G119800.2","Chr01",9317229,9322526,5298,"+"
"313","NsiI.TP832364","Sobic.001G492800.1","Chr01",76202998,76206852,3855,"-"
"314","PstI.TP10996","Sobic.006G239000.1","Chr06",57969070,57983024,13955,"+"
"315","PstI.TP10996","Sobic.006G239000.1","Chr06",57969070,57983024,13955,"+"
"316","PstI.TP117081","Sobic.002G153700.2","Chr02",45970904,45987364,16461,"-"
"317","PstI.TP117081","Sobic.002G153700.1","Chr02",45971003,45987364,16362,"-"
"318","PstI.TP1181476","Sobic.005G025900.1","Chr05",2298782,2302410,3629,"-"
"319","PstI.TP1193013","Sobic.006G277200.1","Chr06",60822255,60826353,4099,"+"
"320","PstI.TP1248844","Sobic.008G012300.1","Chr08",1026398,1029238,2841,"-"
"321","PstI.TP126085","Sobic.006G273400.1","Chr06",60495764,60503240,7477,"+"
"322","PstI.TP139651","Sobic.002G320700.1","Chr02",69217722,69224768,7047,"+"
"323","PstI.TP139651","Sobic.002G320900.1","Chr02",69223562,69233455,9894,"-"
"324","PstI.TP139651","Sobic.002G320900.2","Chr02",69223562,69233455,9894,"-"
"325","PstI.TP139651","Sobic.002G320700.1","Chr02",69217722,69224768,7047,"+"
"326","PstI.TP139651","Sobic.002G320900.1","Chr02",69223562,69233455,9894,"-"
"327","PstI.TP139651","Sobic.002G320900.2","Chr02",69223562,69233455,9894,"-"
"328","PstI.TP18098","Sobic.002G143000.1","Chr02",23766685,23770440,3756,"-"
"329","PstI.TP217994","Sobic.004G266400.1","Chr04",61087870,61092609,4740,"+"
"330","PstI.TP262331","Sobic.002G049600.1","Chr02",4689667,4692813,3147,"-"
"331","PstI.TP290055","Sobic.008G084200.1","Chr08",16103148,16104134,987,"+"
"332","PstI.TP299726","Sobic.009G032800.1","Chr09",2969346,2970974,1629,"-"
"333","PstI.TP315072","Sobic.008G034000.2","Chr08",3138888,3140962,2075,"-"
"334","PstI.TP376790","Sobic.001G254700.1","Chr01",28682631,28683824,1194,"+"
"335","PstI.TP376790","Sobic.001G254700.2","Chr01",28682631,28683824,1194,"+"
"336","PstI.TP457393","Sobic.001G313800.1","Chr01",60096593,60097417,825,"+"
"337","PstI.TP476886","Sobic.002G175400.1","Chr02",55392886,55396332,3447,"+"
"338","PstI.TP55941","Sobic.006G150100.1","Chr06",51145123,51147729,2607,"+"
"339","PstI.TP651715","Sobic.010G250400.1","Chr10",58950659,58957087,6429,"+"
"340","PstI.TP704244","Sobic.003G188100.2","Chr03",50686166,50690141,3976,"+"
"341","PstI.TP704244","Sobic.003G188100.3","Chr03",50686717,50690141,3425,"+"
"342","PstI.TP710636","Sobic.006G089266.1","Chr06",45890642,45893572,2931,"+"
"343","PstI.TP710636","Sobic.006G089300.2","Chr06",45893609,45897184,3576,"-"
"344","PstI.TP710636","Sobic.006G089300.1","Chr06",45893609,45897801,4193,"-"
"345","PstI.TP710636","Sobic.006G089300.3","Chr06",45893609,45897801,4193,"-"
"346","PstI.TP710636","Sobic.006G089266.1","Chr06",45890642,45893572,2931,"+"
"347","PstI.TP710636","Sobic.006G089300.2","Chr06",45893609,45897184,3576,"-"
"348","PstI.TP710636","Sobic.006G089300.1","Chr06",45893609,45897801,4193,"-"
"349","PstI.TP710636","Sobic.006G089300.3","Chr06",45893609,45897801,4193,"-"
"350","PstI.TP736503","Sobic.001G040000.2","Chr01",2977629,2979955,2327,"-"
"351","PstI.TP773172","Sobic.003G215600.1","Chr03",55053821,55062277,8457,"-"
"352","PstI.TP774504","Sobic.004G088900.1","Chr04",7548556,7550015,1460,"-"
"353","PstI.TP774963","Sobic.006G013300.1","Chr06",1909956,1914230,4275,"+"
"354","PstI.TP789647","Sobic.003G379700.1","Chr03",69351545,69356137,4593,"-"
"355","PstI.TP789647","Sobic.003G379700.2","Chr03",69351545,69356140,4596,"-"
"356","PstI.TP840679","Sobic.006G129000.1","Chr06",49383922,49388815,4894,"+"
"357","PstI.TP84880","Sobic.001G347500.1","Chr01",63678651,63687351,8701,"-"
"358","PstI.TP84880","Sobic.001G347500.2","Chr01",63678651,63687351,8701,"-"
"359","PstI.TP852023","Sobic.004G162200.1","Chr04",51111914,51121956,10043,"-"
"360","PstI.TP906726","Sobic.003G040000.1","Chr03",3716333,3721053,4721,"+"
"361","PstI.TP961110","Sobic.001G362001.1","Chr01",65183625,65185565,1941,"-"
"362","PstI.TP96720","Sobic.006G051000.3","Chr06",38026481,38032158,5678,"+"
"363","PstI.TP96720","Sobic.006G050900.1","Chr06",38024503,38025888,1386,"-"
"364","PstI.TP96720","Sobic.006G051000.3","Chr06",38026481,38032158,5678,"+"
"365","PstI.TP96720","Sobic.006G050900.1","Chr06",38024503,38025888,1386,"-"
"366","NsiI.TP127922","Sobic.004G196500.1","Chr04",54753647,54755468,1822,"+"
"367","NsiI.TP128897","Sobic.006G213300.1","Chr06",56185793,56191223,5431,"-"
"368","NsiI.TP128897","Sobic.006G213300.2","Chr06",56185793,56191223,5431,"-"
"369","NsiI.TP46196","Sobic.001G297600.1","Chr01",57777901,57781542,3642,"-"
"370","NsiI.TP46196","Sobic.001G297600.2","Chr01",57777901,57781542,3642,"-"
"371","NsiI.TP488601","Sobic.001G082900.1","Chr01",6405202,6408722,3521,"+"
"372","NsiI.TP488601","Sobic.001G083000.1","Chr01",6408709,6412370,3662,"-"
"373","NsiI.TP488601","Sobic.001G082900.1","Chr01",6405202,6408722,3521,"+"
"374","NsiI.TP488601","Sobic.001G083000.1","Chr01",6408709,6412370,3662,"-"
"375","NsiI.TP571832","Sobic.002G250900.1","Chr02",63803062,63803858,797,"+"
"376","NsiI.TP575629","Sobic.004G124700.1","Chr04",14231927,14235182,3256,"+"
"377","NsiI.TP575629","Sobic.004G124800.1","Chr04",14235238,14239251,4014,"-"
"378","NsiI.TP575629","Sobic.004G124700.1","Chr04",14231927,14235182,3256,"+"
"379","NsiI.TP575629","Sobic.004G124800.1","Chr04",14235238,14239251,4014,"-"
"380","NsiI.TP576208","Sobic.001G216300.1","Chr01",19995777,20001079,5303,"+"
"381","NsiI.TP608372","Sobic.009G001300.1","Chr09",145958,153440,7483,"-"
"382","NsiI.TP608372","Sobic.009G001300.4","Chr09",145958,153440,7483,"-"
"383","NsiI.TP608372","Sobic.009G001300.5","Chr09",145958,153440,7483,"-"
"384","NsiI.TP608372","Sobic.009G001300.2","Chr09",145958,153464,7507,"-"
"385","NsiI.TP608372","Sobic.009G001300.3","Chr09",145958,153464,7507,"-"
"386","NsiI.TP648509","Sobic.010G146000.1","Chr10",41350269,41353669,3401,"-"
"387","NsiI.TP717913","Sobic.004G222000.1","Chr04",57220820,57224296,3477,"+"
"388","NsiI.TP89701","Sobic.004G290600.2","Chr04",63139321,63163626,24306,"+"
"389","PstI.TP1083673","Sobic.007G137000.4","Chr07",56445832,56450594,4763,"+"
"390","PstI.TP10996","Sobic.006G239000.1","Chr06",57969070,57983024,13955,"+"
"391","PstI.TP110898","Sobic.010G104900.1","Chr10",9875884,9881144,5261,"-"
"392","PstI.TP110898","Sobic.010G104900.3","Chr10",9875884,9881144,5261,"-"
"393","PstI.TP110898","Sobic.010G104900.4","Chr10",9875884,9881144,5261,"-"
"394","PstI.TP110898","Sobic.010G104900.2","Chr10",9876675,9881144,4470,"-"
"395","PstI.TP1148558","Sobic.002G229300.1","Chr02",62048550,62052330,3781,"-"
"396","PstI.TP1155086","Sobic.009G142800.4","Chr09",50005037,50008259,3223,"+"
"397","PstI.TP1155086","Sobic.009G142800.3","Chr09",50005042,50008255,3214,"+"
"398","PstI.TP1155086","Sobic.009G142800.5","Chr09",50005632,50008255,2624,"+"
"399","PstI.TP1181476","Sobic.005G025900.1","Chr05",2298782,2302410,3629,"-"
"400","PstI.TP1249212","Sobic.003G246100.1","Chr03",58494624,58499601,4978,"+"
"401","PstI.TP134453","Sobic.002G226700.2","Chr02",61861317,61863067,1751,"-"
"402","PstI.TP139937","Sobic.002G281300.1","Chr02",66296138,66299132,2995,"-"
"403","PstI.TP160694","Sobic.009G210600.1","Chr09",55686020,55691500,5481,"+"
"404","PstI.TP217994","Sobic.004G266400.1","Chr04",61087870,61092609,4740,"+"
"405","PstI.TP226277","Sobic.010G276600.1","Chr10",60972238,60979018,6781,"+"
"406","PstI.TP226277","Sobic.010G276700.1","Chr10",60979154,60983631,4478,"-"
"407","PstI.TP226277","Sobic.010G276700.2","Chr10",60979154,60983631,4478,"-"
"408","PstI.TP226277","Sobic.010G276700.3","Chr10",60979154,60983631,4478,"-"
"409","PstI.TP226277","Sobic.010G276600.1","Chr10",60972238,60979018,6781,"+"
"410","PstI.TP226277","Sobic.010G276700.1","Chr10",60979154,60983631,4478,"-"
"411","PstI.TP226277","Sobic.010G276700.2","Chr10",60979154,60983631,4478,"-"
"412","PstI.TP226277","Sobic.010G276700.3","Chr10",60979154,60983631,4478,"-"
"413","PstI.TP299726","Sobic.009G032800.1","Chr09",2969346,2970974,1629,"-"
"414","PstI.TP350262","Sobic.008G032600.1","Chr08",2903619,2906189,2571,"-"
"415","PstI.TP374511","Sobic.001G048900.3","Chr01",3574706,3578692,3987,"+"
"416","PstI.TP374511","Sobic.001G048900.1","Chr01",3574708,3578692,3985,"+"
"417","PstI.TP374511","Sobic.001G048900.2","Chr01",3574708,3578692,3985,"+"
"418","PstI.TP374511","Sobic.001G048900.4","Chr01",3574708,3578692,3985,"+"
"419","PstI.TP384804","Sobic.002G265166.1","Chr02",65028763,65029198,436,"-"
"420","PstI.TP402429","Sobic.001G065600.1","Chr01",4988890,4994406,5517,"-"
"421","PstI.TP457393","Sobic.001G313800.1","Chr01",60096593,60097417,825,"+"
"422","PstI.TP459121","Sobic.001G514400.1","Chr01",78160422,78162432,2011,"+"
"423","PstI.TP459121","Sobic.001G514500.3","Chr01",78162706,78168567,5862,"-"
"424","PstI.TP459121","Sobic.001G514500.6","Chr01",78162706,78168571,5866,"-"
"425","PstI.TP459121","Sobic.001G514500.5","Chr01",78162706,78168572,5867,"-"
"426","PstI.TP459121","Sobic.001G514500.10","Chr01",78162706,78168589,5884,"-"
"427","PstI.TP459121","Sobic.001G514500.2","Chr01",78162706,78168595,5890,"-"
"428","PstI.TP459121","Sobic.001G514500.4","Chr01",78162706,78168595,5890,"-"
"429","PstI.TP459121","Sobic.001G514500.8","Chr01",78162706,78168598,5893,"-"
"430","PstI.TP459121","Sobic.001G514500.9","Chr01",78162706,78168598,5893,"-"
"431","PstI.TP459121","Sobic.001G514500.7","Chr01",78162706,78168624,5919,"-"
"432","PstI.TP459121","Sobic.001G514400.1","Chr01",78160422,78162432,2011,"+"
"433","PstI.TP459121","Sobic.001G514500.3","Chr01",78162706,78168567,5862,"-"
"434","PstI.TP459121","Sobic.001G514500.6","Chr01",78162706,78168571,5866,"-"
"435","PstI.TP459121","Sobic.001G514500.5","Chr01",78162706,78168572,5867,"-"
"436","PstI.TP459121","Sobic.001G514500.10","Chr01",78162706,78168589,5884,"-"
"437","PstI.TP459121","Sobic.001G514500.2","Chr01",78162706,78168595,5890,"-"
"438","PstI.TP459121","Sobic.001G514500.4","Chr01",78162706,78168595,5890,"-"
"439","PstI.TP459121","Sobic.001G514500.8","Chr01",78162706,78168598,5893,"-"
"440","PstI.TP459121","Sobic.001G514500.9","Chr01",78162706,78168598,5893,"-"
"441","PstI.TP459121","Sobic.001G514500.7","Chr01",78162706,78168624,5919,"-"
"442","PstI.TP577552","Sobic.002G221400.2","Chr02",61333318,61336713,3396,"+"
"443","PstI.TP577552","Sobic.002G221400.1","Chr02",61333318,61337308,3991,"+"
"444","PstI.TP57846","Sobic.004G051900.1","Chr04",4197276,4203457,6182,"+"
"445","PstI.TP57846","Sobic.004G051900.3","Chr04",4197618,4203457,5840,"+"
"446","PstI.TP701332","Sobic.003G264100.1","Chr03",60121128,60128012,6885,"+"
"447","PstI.TP704244","Sobic.003G188100.2","Chr03",50686166,50690141,3976,"+"
"448","PstI.TP704244","Sobic.003G188100.3","Chr03",50686717,50690141,3425,"+"
"449","PstI.TP723544","Sobic.009G021700.1","Chr09",1942720,1944208,1489,"-"
"450","PstI.TP742466","Sobic.005G222000.1","Chr05",70846703,70855117,8415,"-"
"451","PstI.TP773172","Sobic.003G215600.1","Chr03",55053821,55062277,8457,"-"
"452","PstI.TP789647","Sobic.003G379700.1","Chr03",69351545,69356137,4593,"-"
"453","PstI.TP789647","Sobic.003G379700.2","Chr03",69351545,69356140,4596,"-"
"454","PstI.TP790069","Sobic.002G007400.1","Chr02",698947,700577,1631,"-"
"455","PstI.TP805461","Sobic.001G434800.1","Chr01",71342270,71343480,1211,"+"
"456","PstI.TP840679","Sobic.006G129000.1","Chr06",49383922,49388815,4894,"+"
"457","PstI.TP844985","Sobic.002G197000.1","Chr02",58634152,58637918,3767,"-"
"458","PstI.TP852023","Sobic.004G162200.1","Chr04",51111914,51121956,10043,"-"
"459","PstI.TP955356","Sobic.003G361200.1","Chr03",67880581,67884692,4112,"+"
"460","NsiI.TP127922","Sobic.004G196500.1","Chr04",54753647,54755468,1822,"+"
"461","NsiI.TP164112","Sobic.002G409000.1","Chr02",75773614,75775575,1962,"-"
"462","NsiI.TP195403","Sobic.001G482800.1","Chr01",75429377,75432763,3387,"+"
"463","NsiI.TP218789","Sobic.003G194500.1","Chr03",51790405,51796572,6168,"+"
"464","NsiI.TP249634","Sobic.009G052800.1","Chr09",5341442,5342418,977,"+"
"465","NsiI.TP33138","Sobic.005G000400.1","Chr05",56051,56996,946,"+"
"466","NsiI.TP33138","Sobic.005G000500.1","Chr05",57205,63652,6448,"-"
"467","NsiI.TP33138","Sobic.005G000400.1","Chr05",56051,56996,946,"+"
"468","NsiI.TP33138","Sobic.005G000500.1","Chr05",57205,63652,6448,"-"
"469","NsiI.TP34193","Sobic.006G110200.2","Chr06",47901100,47909899,8800,"-"
"470","NsiI.TP34193","Sobic.006G110200.1","Chr06",47901100,47910049,8950,"-"
"471","NsiI.TP445017","Sobic.009G213500.1","Chr09",55898970,55902453,3484,"-"
"472","NsiI.TP445017","Sobic.009G213500.2","Chr09",55898970,55902453,3484,"-"
"473","NsiI.TP447144","Sobic.003G305500.1","Chr03",63529430,63531284,1855,"-"
"474","NsiI.TP488601","Sobic.001G082900.1","Chr01",6405202,6408722,3521,"+"
"475","NsiI.TP488601","Sobic.001G083000.1","Chr01",6408709,6412370,3662,"-"
"476","NsiI.TP488601","Sobic.001G082900.1","Chr01",6405202,6408722,3521,"+"
"477","NsiI.TP488601","Sobic.001G083000.1","Chr01",6408709,6412370,3662,"-"
"478","NsiI.TP520698","Sobic.001G041700.4","Chr01",3099655,3112212,12558,"-"
"479","NsiI.TP520698","Sobic.001G041700.3","Chr01",3100225,3112212,11988,"-"
"480","NsiI.TP520698","Sobic.001G041800.1","Chr01",3112405,3122688,10284,"-"
"481","NsiI.TP520698","Sobic.001G041700.4","Chr01",3099655,3112212,12558,"-"
"482","NsiI.TP520698","Sobic.001G041700.3","Chr01",3100225,3112212,11988,"-"
"483","NsiI.TP520698","Sobic.001G041800.1","Chr01",3112405,3122688,10284,"-"
"484","NsiI.TP586300","Sobic.003G238900.1","Chr03",57848714,57850409,1696,"+"
"485","NsiI.TP635575","Sobic.005G112400.1","Chr05",38567082,38568601,1520,"+"
"486","NsiI.TP648509","Sobic.010G146000.1","Chr10",41350269,41353669,3401,"-"
"487","NsiI.TP696486","Sobic.004G107200.2","Chr04",10244892,10256539,11648,"-"
"488","NsiI.TP696486","Sobic.004G107200.1","Chr04",10245914,10256539,10626,"-"
"489","NsiI.TP758763","Sobic.001G296100.1","Chr01",57496306,57500534,4229,"-"
"490","NsiI.TP764847","Sobic.010G108100.1","Chr10",10692185,10693666,1482,"+"
"491","PstI.TP1051083","Sobic.001G160200.1","Chr01",13149779,13157433,7655,"+"
"492","PstI.TP105605","Sobic.003G214400.1","Chr03",54835480,54846977,11498,"+"
"493","PstI.TP105605","Sobic.003G214400.2","Chr03",54840761,54846977,6217,"+"
"494","PstI.TP105605","Sobic.003G214400.3","Chr03",54843692,54846977,3286,"+"
"495","PstI.TP1057917","Sobic.003G307600.2","Chr03",63644246,63646771,2526,"-"
"496","PstI.TP1066422","Sobic.003G273600.1","Chr03",60988316,60993620,5305,"+"
"497","PstI.TP10996","Sobic.006G239000.1","Chr06",57969070,57983024,13955,"+"
"498","PstI.TP1155086","Sobic.009G142800.4","Chr09",50005037,50008259,3223,"+"
"499","PstI.TP1155086","Sobic.009G142800.3","Chr09",50005042,50008255,3214,"+"
"500","PstI.TP1155086","Sobic.009G142800.5","Chr09",50005632,50008255,2624,"+"
"501","PstI.TP118716","Sobic.009G146250.1","Chr09",50320522,50325327,4806,"+"
"502","PstI.TP118716","Sobic.009G146400.1","Chr09",50325863,50328782,2920,"-"
"503","PstI.TP118716","Sobic.009G146250.1","Chr09",50320522,50325327,4806,"+"
"504","PstI.TP118716","Sobic.009G146400.1","Chr09",50325863,50328782,2920,"-"
"505","PstI.TP1246584","Sobic.001G011800.1","Chr01",1015540,1016301,762,"+"
"506","PstI.TP14229","Sobic.009G240400.1","Chr09",57788800,57789692,893,"+"
"507","PstI.TP148994","Sobic.006G110600.1","Chr06",47929464,47932464,3001,"+"
"508","PstI.TP148994","Sobic.006G110500.2","Chr06",47927268,47929907,2640,"-"
"509","PstI.TP148994","Sobic.006G110600.1","Chr06",47929464,47932464,3001,"+"
"510","PstI.TP148994","Sobic.006G110500.2","Chr06",47927268,47929907,2640,"-"
"511","PstI.TP15780","Sobic.009G218000.1","Chr09",56211082,56212337,1256,"+"
"512","PstI.TP19694","Sobic.001G249600.1","Chr01",26926368,26928145,1778,"-"
"513","PstI.TP217994","Sobic.004G266400.1","Chr04",61087870,61092609,4740,"+"
"514","PstI.TP226277","Sobic.010G276600.1","Chr10",60972238,60979018,6781,"+"
"515","PstI.TP226277","Sobic.010G276700.1","Chr10",60979154,60983631,4478,"-"
"516","PstI.TP226277","Sobic.010G276700.2","Chr10",60979154,60983631,4478,"-"
"517","PstI.TP226277","Sobic.010G276700.3","Chr10",60979154,60983631,4478,"-"
"518","PstI.TP226277","Sobic.010G276600.1","Chr10",60972238,60979018,6781,"+"
"519","PstI.TP226277","Sobic.010G276700.1","Chr10",60979154,60983631,4478,"-"
"520","PstI.TP226277","Sobic.010G276700.2","Chr10",60979154,60983631,4478,"-"
"521","PstI.TP226277","Sobic.010G276700.3","Chr10",60979154,60983631,4478,"-"
"522","PstI.TP290738","Sobic.007G163800.1","Chr07",59821905,59829910,8006,"-"
"523","PstI.TP290738","Sobic.007G163800.2","Chr07",59821905,59829921,8017,"-"
"524","PstI.TP459121","Sobic.001G514400.1","Chr01",78160422,78162432,2011,"+"
"525","PstI.TP459121","Sobic.001G514500.3","Chr01",78162706,78168567,5862,"-"
"526","PstI.TP459121","Sobic.001G514500.6","Chr01",78162706,78168571,5866,"-"
"527","PstI.TP459121","Sobic.001G514500.5","Chr01",78162706,78168572,5867,"-"
"528","PstI.TP459121","Sobic.001G514500.10","Chr01",78162706,78168589,5884,"-"
"529","PstI.TP459121","Sobic.001G514500.2","Chr01",78162706,78168595,5890,"-"
"530","PstI.TP459121","Sobic.001G514500.4","Chr01",78162706,78168595,5890,"-"
"531","PstI.TP459121","Sobic.001G514500.8","Chr01",78162706,78168598,5893,"-"
"532","PstI.TP459121","Sobic.001G514500.9","Chr01",78162706,78168598,5893,"-"
"533","PstI.TP459121","Sobic.001G514500.7","Chr01",78162706,78168624,5919,"-"
"534","PstI.TP459121","Sobic.001G514400.1","Chr01",78160422,78162432,2011,"+"
"535","PstI.TP459121","Sobic.001G514500.3","Chr01",78162706,78168567,5862,"-"
"536","PstI.TP459121","Sobic.001G514500.6","Chr01",78162706,78168571,5866,"-"
"537","PstI.TP459121","Sobic.001G514500.5","Chr01",78162706,78168572,5867,"-"
"538","PstI.TP459121","Sobic.001G514500.10","Chr01",78162706,78168589,5884,"-"
"539","PstI.TP459121","Sobic.001G514500.2","Chr01",78162706,78168595,5890,"-"
"540","PstI.TP459121","Sobic.001G514500.4","Chr01",78162706,78168595,5890,"-"
"541","PstI.TP459121","Sobic.001G514500.8","Chr01",78162706,78168598,5893,"-"
"542","PstI.TP459121","Sobic.001G514500.9","Chr01",78162706,78168598,5893,"-"
"543","PstI.TP459121","Sobic.001G514500.7","Chr01",78162706,78168624,5919,"-"
"544","PstI.TP485114","Sobic.009G229700.1","Chr09",57032871,57036097,3227,"+"
"545","PstI.TP485114","Sobic.009G229600.1","Chr09",57023498,57032493,8996,"-"
"546","PstI.TP485114","Sobic.009G229600.2","Chr09",57023498,57032493,8996,"-"
"547","PstI.TP485114","Sobic.009G229700.1","Chr09",57032871,57036097,3227,"+"
"548","PstI.TP485114","Sobic.009G229600.1","Chr09",57023498,57032493,8996,"-"
"549","PstI.TP485114","Sobic.009G229600.2","Chr09",57023498,57032493,8996,"-"
"550","PstI.TP4963","Sobic.003G326500.1","Chr03",65238666,65248550,9885,"+"
"551","PstI.TP55941","Sobic.006G150100.1","Chr06",51145123,51147729,2607,"+"
"552","PstI.TP577552","Sobic.002G221400.2","Chr02",61333318,61336713,3396,"+"
"553","PstI.TP577552","Sobic.002G221400.1","Chr02",61333318,61337308,3991,"+"
"554","PstI.TP57846","Sobic.004G051900.1","Chr04",4197276,4203457,6182,"+"
"555","PstI.TP57846","Sobic.004G051900.3","Chr04",4197618,4203457,5840,"+"
"556","PstI.TP703969","Sobic.001G544600.2","Chr01",80876468,80878678,2211,"-"
"557","PstI.TP738082","Sobic.010G078600.1","Chr10",6555565,6558034,2470,"+"
"558","PstI.TP742466","Sobic.005G222000.1","Chr05",70846703,70855117,8415,"-"
"559","PstI.TP745785","Sobic.006G086900.1","Chr06",45613551,45616219,2669,"+"
"560","PstI.TP745785","Sobic.006G086900.2","Chr06",45613551,45616999,3449,"+"
"561","PstI.TP745785","Sobic.006G086900.3","Chr06",45613551,45616999,3449,"+"
"562","PstI.TP751721","Sobic.009G148000.1","Chr09",50511733,50514791,3059,"-"
"563","PstI.TP757921","Sobic.001G249000.1","Chr01",26846301,26848746,2446,"-"
"564","PstI.TP771967","Sobic.010G182800.1","Chr10",52236033,52242284,6252,"-"
"565","PstI.TP773172","Sobic.003G215600.1","Chr03",55053821,55062277,8457,"-"
"566","PstI.TP795667","Sobic.008G006400.1","Chr08",527846,528916,1071,"+"
"567","PstI.TP795667","Sobic.008G006500.1","Chr08",529177,532714,3538,"+"
"568","PstI.TP795667","Sobic.008G006400.1","Chr08",527846,528916,1071,"+"
"569","PstI.TP795667","Sobic.008G006500.1","Chr08",529177,532714,3538,"+"
"570","PstI.TP840679","Sobic.006G129000.1","Chr06",49383922,49388815,4894,"+"
"571","PstI.TP841498","Sobic.005G206300.4","Chr05",69226352,69232612,6261,"+"
"572","PstI.TP841498","Sobic.005G206300.2","Chr05",69226353,69232612,6260,"+"
"573","PstI.TP841498","Sobic.005G206300.3","Chr05",69226419,69233717,7299,"+"
"574","PstI.TP858902","Sobic.004G326400.1","Chr04",66140091,66144334,4244,"+"
"575","PstI.TP901954","Sobic.009G035601.1","Chr09",3265376,3266128,753,"-"
"576","PstI.TP972953","Sobic.001G104100.1","Chr01",7982034,7985735,3702,"-"
"577","PstI.TP972953","Sobic.001G104100.2","Chr01",7982034,7985873,3840,"-"
"578","GFSSContig15563_263","Sobic.009G255100.5","Chr09",58910532,58914835,4304,"-"
"579","GFSSContig17477_775","Sobic.002G303700.2","Chr02",67951734,67955841,4108,"+"
"580","GFSSContig17477_775","Sobic.002G303700.1","Chr02",67951936,67955841,3906,"+"
"581","GFSSContig18315_975","Sobic.009G187100.1","Chr09",53975946,53977915,1970,"-"
"582","NsiI.TP127922","Sobic.004G196500.1","Chr04",54753647,54755468,1822,"+"
"583","NsiI.TP128678","Sobic.003G375200.1","Chr03",68999883,69007574,7692,"+"
"584","NsiI.TP159695","Sobic.006G236700.2","Chr06",57815633,57820884,5252,"-"
"585","NsiI.TP159695","Sobic.006G236700.3","Chr06",57815633,57820884,5252,"-"
"586","NsiI.TP159695","Sobic.006G236700.1","Chr06",57815633,57822442,6810,"-"
"587","NsiI.TP217838","Sobic.003G038400.1","Chr03",3586678,3591433,4756,"-"
"588","NsiI.TP217838","Sobic.003G038400.2","Chr03",3586678,3591433,4756,"-"
"589","NsiI.TP255006","Sobic.006G258600.1","Chr06",59461747,59465981,4235,"+"
"590","NsiI.TP255006","Sobic.006G258600.2","Chr06",59461747,59466525,4779,"+"
"591","NsiI.TP282888","Sobic.002G006900.1","Chr02",663961,674299,10339,"+"
"592","NsiI.TP282888","Sobic.002G006900.2","Chr02",663961,674302,10342,"+"
"593","NsiI.TP282888","Sobic.002G007000.2","Chr02",674662,676476,1815,"-"
"594","NsiI.TP282888","Sobic.002G006900.1","Chr02",663961,674299,10339,"+"
"595","NsiI.TP282888","Sobic.002G006900.2","Chr02",663961,674302,10342,"+"
"596","NsiI.TP282888","Sobic.002G007000.2","Chr02",674662,676476,1815,"-"
"597","NsiI.TP296932","Sobic.009G142000.1","Chr09",49932745,49941367,8623,"+"
"598","NsiI.TP296932","Sobic.009G142000.2","Chr09",49932745,49941367,8623,"+"
"599","NsiI.TP327757","Sobic.003G403300.1","Chr03",71114880,71120454,5575,"-"
"600","NsiI.TP332475","Sobic.003G315800.2","Chr03",64343406,64343947,542,"+"
"601","NsiI.TP332475","Sobic.003G315700.1","Chr03",64344076,64352994,8919,"-"
"602","NsiI.TP332475","Sobic.003G315700.3","Chr03",64344076,64352994,8919,"-"
"603","NsiI.TP332475","Sobic.003G315800.2","Chr03",64343406,64343947,542,"+"
"604","NsiI.TP332475","Sobic.003G315700.1","Chr03",64344076,64352994,8919,"-"
"605","NsiI.TP332475","Sobic.003G315700.3","Chr03",64344076,64352994,8919,"-"
"606","NsiI.TP338132","Sobic.003G253500.1","Chr03",59214043,59217830,3788,"-"
"607","NsiI.TP352026","Sobic.006G003600.1","Chr06",548123,560425,12303,"-"
"608","NsiI.TP358081","Sobic.006G067600.1","Chr06",42785485,42802516,17032,"+"
"609","NsiI.TP358081","Sobic.006G067600.3","Chr06",42785485,42802516,17032,"+"
"610","NsiI.TP358081","Sobic.006G067600.2","Chr06",42785726,42802516,16791,"+"
"611","NsiI.TP358081","Sobic.006G067500.1","Chr06",42781244,42785442,4199,"-"
"612","NsiI.TP358081","Sobic.006G067600.1","Chr06",42785485,42802516,17032,"+"
"613","NsiI.TP358081","Sobic.006G067600.3","Chr06",42785485,42802516,17032,"+"
"614","NsiI.TP358081","Sobic.006G067600.2","Chr06",42785726,42802516,16791,"+"
"615","NsiI.TP358081","Sobic.006G067500.1","Chr06",42781244,42785442,4199,"-"
"616","NsiI.TP359278","Sobic.006G175500.3","Chr06",53062306,53080184,17879,"-"
"617","NsiI.TP370880","Sobic.003G363600.10","Chr03",68107429,68115976,8548,"-"
"618","NsiI.TP370880","Sobic.003G363600.2","Chr03",68107429,68115976,8548,"-"
"619","NsiI.TP370880","Sobic.003G363600.6","Chr03",68107441,68115976,8536,"-"
"620","NsiI.TP370880","Sobic.003G363600.7","Chr03",68107441,68115976,8536,"-"
"621","NsiI.TP370880","Sobic.003G363600.9","Chr03",68107441,68115976,8536,"-"
"622","NsiI.TP370880","Sobic.003G363600.8","Chr03",68107457,68115976,8520,"-"
"623","NsiI.TP370880","Sobic.003G363600.5","Chr03",68107465,68114713,7249,"-"
"624","NsiI.TP370880","Sobic.003G363600.1","Chr03",68107465,68115976,8512,"-"
"625","NsiI.TP370880","Sobic.003G363600.3","Chr03",68107465,68115976,8512,"-"
"626","NsiI.TP370880","Sobic.003G363600.4","Chr03",68107465,68115976,8512,"-"
"627","NsiI.TP390222","Sobic.004G237000.1","Chr04",58488864,58490438,1575,"+"
"628","NsiI.TP402511","Sobic.004G231700.1","Chr04",58095962,58097637,1676,"+"
"629","NsiI.TP409721","Sobic.002G266500.2","Chr02",65097219,65098349,1131,"+"
"630","NsiI.TP409721","Sobic.002G266300.1","Chr02",65090573,65095550,4978,"-"
"631","NsiI.TP409721","Sobic.002G266400.1","Chr02",65095981,65096349,369,"-"
"632","NsiI.TP409721","Sobic.002G266500.2","Chr02",65097219,65098349,1131,"+"
"633","NsiI.TP409721","Sobic.002G266300.1","Chr02",65090573,65095550,4978,"-"
"634","NsiI.TP409721","Sobic.002G266400.1","Chr02",65095981,65096349,369,"-"
"635","NsiI.TP409721","Sobic.002G266500.2","Chr02",65097219,65098349,1131,"+"
"636","NsiI.TP409721","Sobic.002G266300.1","Chr02",65090573,65095550,4978,"-"
"637","NsiI.TP409721","Sobic.002G266400.1","Chr02",65095981,65096349,369,"-"
"638","NsiI.TP415575","Sobic.009G186300.1","Chr09",53920131,53923447,3317,"-"
"639","NsiI.TP42003","Sobic.008G191800.1","Chr08",62544046,62545439,1394,"-"
"640","NsiI.TP434679","Sobic.003G128575.1","Chr03",11840730,11841718,989,"-"
"641","NsiI.TP459060","Sobic.010G006100.2","Chr10",495563,496714,1152,"-"
"642","NsiI.TP465791","Sobic.001G475900.1","Chr01",74814983,74820643,5661,"+"
"643","NsiI.TP465791","Sobic.001G476000.1","Chr01",74820847,74822682,1836,"+"
"644","NsiI.TP465791","Sobic.001G475900.1","Chr01",74814983,74820643,5661,"+"
"645","NsiI.TP465791","Sobic.001G476000.1","Chr01",74820847,74822682,1836,"+"
"646","NsiI.TP494603","Sobic.002G220900.1","Chr02",61262610,61269841,7232,"+"
"647","NsiI.TP494603","Sobic.002G221000.1","Chr02",61270216,61273127,2912,"+"
"648","NsiI.TP494603","Sobic.002G220900.1","Chr02",61262610,61269841,7232,"+"
"649","NsiI.TP494603","Sobic.002G221000.1","Chr02",61270216,61273127,2912,"+"
"650","NsiI.TP509742","Sobic.009G125400.1","Chr09",47848523,47861791,13269,"+"
"651","NsiI.TP509742","Sobic.009G125400.2","Chr09",47848523,47861791,13269,"+"
"652","NsiI.TP515167","Sobic.004G351600.1","Chr04",68019739,68025304,5566,"+"
"653","NsiI.TP515167","Sobic.004G351600.2","Chr04",68019739,68025304,5566,"+"
"654","NsiI.TP515167","Sobic.004G351600.3","Chr04",68019739,68025344,5606,"+"
"655","NsiI.TP515167","Sobic.004G351600.4","Chr04",68019739,68025356,5618,"+"
"656","NsiI.TP515167","Sobic.004G351600.5","Chr04",68019739,68025356,5618,"+"
"657","NsiI.TP515167","Sobic.004G351600.6","Chr04",68020858,68025379,4522,"+"
"658","NsiI.TP525011","Sobic.010G005401.1","Chr10",448862,451672,2811,"+"
"659","NsiI.TP525011","Sobic.010G005500.1","Chr10",451673,455105,3433,"-"
"660","NsiI.TP525011","Sobic.010G005401.1","Chr10",448862,451672,2811,"+"
"661","NsiI.TP525011","Sobic.010G005500.1","Chr10",451673,455105,3433,"-"
"662","NsiI.TP575555","Sobic.002G023900.1","Chr02",2228532,2234882,6351,"+"
"663","NsiI.TP575618","Sobic.007G039100.1","Chr07",3776104,3779183,3080,"+"
"664","NsiI.TP616137","Sobic.006G225200.2","Chr06",57073099,57075527,2429,"+"
"665","NsiI.TP617177","Sobic.002G166800.1","Chr02",52051169,52057433,6265,"+"
"666","NsiI.TP667008","Sobic.008G016000.1","Chr08",1325600,1330859,5260,"+"
"667","NsiI.TP667008","Sobic.008G016000.2","Chr08",1326551,1330859,4309,"+"
"668","NsiI.TP681203","Sobic.001G106200.1","Chr01",8180004,8187693,7690,"+"
"669","NsiI.TP726681","Sobic.003G287400.1","Chr03",62053854,62061425,7572,"+"
"670","NsiI.TP726681","Sobic.003G287400.2","Chr03",62053854,62061425,7572,"+"
"671","NsiI.TP753743","Sobic.009G102600.1","Chr09",41081738,41088543,6806,"-"
"672","NsiI.TP762015","Sobic.007G008800.1","Chr07",820415,824800,4386,"+"
"673","NsiI.TP762015","Sobic.007G008800.2","Chr07",820415,824800,4386,"+"
"674","NsiI.TP779177","Sobic.004G298250.1","Chr04",63761872,63762755,884,"+"
"675","NsiI.TP779177","Sobic.004G298300.2","Chr04",63763373,63767729,4357,"+"
"676","NsiI.TP779177","Sobic.004G298250.1","Chr04",63761872,63762755,884,"+"
"677","NsiI.TP779177","Sobic.004G298300.2","Chr04",63763373,63767729,4357,"+"
"678","NsiI.TP90957","Sobic.009G253500.1","Chr09",58752077,58753372,1296,"-"
"679","NsiI.TP90957","Sobic.009G253600.1","Chr09",58754868,58755845,978,"-"
"680","NsiI.TP90957","Sobic.009G253500.1","Chr09",58752077,58753372,1296,"-"
"681","NsiI.TP90957","Sobic.009G253600.1","Chr09",58754868,58755845,978,"-"
"682","PstI.TP1025634","Sobic.002G347300.1","Chr02",71274474,71279160,4687,"+"
"683","PstI.TP1026977","Sobic.004G279300.1","Chr04",62205986,62209047,3062,"+"
"684","PstI.TP1044533","Sobic.010G009466.1","Chr10",780383,783170,2788,"+"
"685","PstI.TP107240","Sobic.008G192700.1","Chr08",62617685,62621880,4196,"+"
"686","PstI.TP107240","Sobic.008G192700.2","Chr08",62617685,62621880,4196,"+"
"687","PstI.TP107240","Sobic.008G192800.3","Chr08",62622079,62627522,5444,"+"
"688","PstI.TP107240","Sobic.008G192800.4","Chr08",62622079,62627522,5444,"+"
"689","PstI.TP107240","Sobic.008G192800.6","Chr08",62622079,62627522,5444,"+"
"690","PstI.TP107240","Sobic.008G192800.1","Chr08",62622079,62627794,5716,"+"
"691","PstI.TP107240","Sobic.008G192800.2","Chr08",62622079,62627817,5739,"+"
"692","PstI.TP107240","Sobic.008G192800.5","Chr08",62622079,62627817,5739,"+"
"693","PstI.TP107240","Sobic.008G192700.1","Chr08",62617685,62621880,4196,"+"
"694","PstI.TP107240","Sobic.008G192700.2","Chr08",62617685,62621880,4196,"+"
"695","PstI.TP107240","Sobic.008G192800.3","Chr08",62622079,62627522,5444,"+"
"696","PstI.TP107240","Sobic.008G192800.4","Chr08",62622079,62627522,5444,"+"
"697","PstI.TP107240","Sobic.008G192800.6","Chr08",62622079,62627522,5444,"+"
"698","PstI.TP107240","Sobic.008G192800.1","Chr08",62622079,62627794,5716,"+"
"699","PstI.TP107240","Sobic.008G192800.2","Chr08",62622079,62627817,5739,"+"
"700","PstI.TP107240","Sobic.008G192800.5","Chr08",62622079,62627817,5739,"+"
"701","PstI.TP1090311","Sobic.006G103000.1","Chr06",47328961,47330684,1724,"-"
"702","PstI.TP1098463","Sobic.004G315400.1","Chr04",65165615,65168511,2897,"+"
"703","PstI.TP1098463","Sobic.004G315400.2","Chr04",65166044,65168511,2468,"+"
"704","PstI.TP10996","Sobic.006G239000.1","Chr06",57969070,57983024,13955,"+"
"705","PstI.TP1100764","Sobic.002G244800.1","Chr02",63346258,63346900,643,"-"
"706","PstI.TP1100764","Sobic.002G244901.1","Chr02",63346816,63351078,4263,"-"
"707","PstI.TP1100764","Sobic.002G244800.1","Chr02",63346258,63346900,643,"-"
"708","PstI.TP1100764","Sobic.002G244901.1","Chr02",63346816,63351078,4263,"-"
"709","PstI.TP110898","Sobic.010G104900.1","Chr10",9875884,9881144,5261,"-"
"710","PstI.TP110898","Sobic.010G104900.3","Chr10",9875884,9881144,5261,"-"
"711","PstI.TP110898","Sobic.010G104900.4","Chr10",9875884,9881144,5261,"-"
"712","PstI.TP110898","Sobic.010G104900.2","Chr10",9876675,9881144,4470,"-"
"713","PstI.TP111833","Sobic.001G384600.1","Chr01",67201155,67205912,4758,"+"
"714","PstI.TP1123778","Sobic.002G227900.1","Chr02",61957542,61959386,1845,"-"
"715","PstI.TP1128002","Sobic.002G205700.1","Chr02",59726662,59729516,2855,"+"
"716","PstI.TP1146105","Sobic.003G156500.1","Chr03",17294003,17303044,9042,"+"
"717","PstI.TP1148487","Sobic.004G153000.1","Chr04",48395164,48399044,3881,"+"
"718","PstI.TP1148487","Sobic.004G153000.2","Chr04",48395164,48399044,3881,"+"
"719","PstI.TP1150566","Sobic.009G018200.1","Chr09",1669989,1672866,2878,"-"
"720","PstI.TP116046","Sobic.007G192100.1","Chr07",62489682,62492948,3267,"+"
"721","PstI.TP1181476","Sobic.005G025900.1","Chr05",2298782,2302410,3629,"-"
"722","PstI.TP1187427","Sobic.006G145400.4","Chr06",50705338,50716476,11139,"-"
"723","PstI.TP1187427","Sobic.006G145400.5","Chr06",50705338,50716476,11139,"-"
"724","PstI.TP1187427","Sobic.006G145400.1","Chr06",50705339,50716476,11138,"-"
"725","PstI.TP1187427","Sobic.006G145400.2","Chr06",50705339,50716476,11138,"-"
"726","PstI.TP1187427","Sobic.006G145500.6","Chr06",50717155,50726722,9568,"-"
"727","PstI.TP1187427","Sobic.006G145500.3","Chr06",50718232,50726722,8491,"-"
"728","PstI.TP1187427","Sobic.006G145500.7","Chr06",50718232,50726722,8491,"-"
"729","PstI.TP1187427","Sobic.006G145400.4","Chr06",50705338,50716476,11139,"-"
"730","PstI.TP1187427","Sobic.006G145400.5","Chr06",50705338,50716476,11139,"-"
"731","PstI.TP1187427","Sobic.006G145400.1","Chr06",50705339,50716476,11138,"-"
"732","PstI.TP1187427","Sobic.006G145400.2","Chr06",50705339,50716476,11138,"-"
"733","PstI.TP1187427","Sobic.006G145500.6","Chr06",50717155,50726722,9568,"-"
"734","PstI.TP1187427","Sobic.006G145500.3","Chr06",50718232,50726722,8491,"-"
"735","PstI.TP1187427","Sobic.006G145500.7","Chr06",50718232,50726722,8491,"-"
"736","PstI.TP1212724","Sobic.001G444000.1","Chr01",72120795,72124345,3551,"+"
"737","PstI.TP1218439","Sobic.009G175900.3","Chr09",53096875,53102171,5297,"-"
"738","PstI.TP1218439","Sobic.009G175900.2","Chr09",53096909,53102171,5263,"-"
"739","PstI.TP1218439","Sobic.009G175900.1","Chr09",53098542,53102549,4008,"-"
"740","PstI.TP1225179","Sobic.006G219400.1","Chr06",56654817,56655429,613,"+"
"741","PstI.TP1225179","Sobic.006G219300.2","Chr06",56642614,56655459,12846,"-"
"742","PstI.TP1225179","Sobic.006G219300.1","Chr06",56642644,56655858,13215,"-"
"743","PstI.TP1225179","Sobic.006G219400.1","Chr06",56654817,56655429,613,"+"
"744","PstI.TP1225179","Sobic.006G219300.2","Chr06",56642614,56655459,12846,"-"
"745","PstI.TP1225179","Sobic.006G219300.1","Chr06",56642644,56655858,13215,"-"
"746","PstI.TP1226186","Sobic.003G085100.1","Chr03",7340557,7343742,3186,"+"
"747","PstI.TP123530","Sobic.010G085000.1","Chr10",7243613,7245489,1877,"-"
"748","PstI.TP1235909","Sobic.004G303700.1","Chr04",64293408,64295083,1676,"+"
"749","PstI.TP1235909","Sobic.004G303800.1","Chr04",64295772,64297291,1520,"-"
"750","PstI.TP1235909","Sobic.004G303700.1","Chr04",64293408,64295083,1676,"+"
"751","PstI.TP1235909","Sobic.004G303800.1","Chr04",64295772,64297291,1520,"-"
"752","PstI.TP1248844","Sobic.008G012300.1","Chr08",1026398,1029238,2841,"-"
"753","PstI.TP1250993","Sobic.004G007500.1","Chr04",665105,667038,1934,"+"
"754","PstI.TP1254872","Sobic.007G137750.1","Chr07",56573347,56575999,2653,"+"
"755","PstI.TP1254872","Sobic.007G137750.2","Chr07",56573347,56575999,2653,"+"
"756","PstI.TP1254872","Sobic.007G137700.1","Chr07",56571473,56573346,1874,"-"
"757","PstI.TP1254872","Sobic.007G137750.1","Chr07",56573347,56575999,2653,"+"
"758","PstI.TP1254872","Sobic.007G137750.2","Chr07",56573347,56575999,2653,"+"
"759","PstI.TP1254872","Sobic.007G137700.1","Chr07",56571473,56573346,1874,"-"
"760","PstI.TP1263163","Sobic.009G071600.1","Chr09",8553616,8560111,6496,"-"
"761","PstI.TP1263163","Sobic.009G071600.5","Chr09",8553616,8560111,6496,"-"
"762","PstI.TP1263163","Sobic.009G071600.4","Chr09",8553630,8560103,6474,"-"
"763","PstI.TP1263163","Sobic.009G071600.6","Chr09",8553630,8560103,6474,"-"
"764","PstI.TP1263163","Sobic.009G071600.2","Chr09",8553631,8559166,5536,"-"
"765","PstI.TP1263163","Sobic.009G071600.3","Chr09",8553631,8559166,5536,"-"
"766","PstI.TP1272828","Sobic.010G251000.1","Chr10",59020575,59027965,7391,"+"
"767","PstI.TP1294713","Sobic.010G054400.1","Chr10",4268508,4272050,3543,"+"
"768","PstI.TP132940","Sobic.003G098401.1","Chr03",8688877,8692011,3135,"+"
"769","PstI.TP153500","Sobic.002G415900.1","Chr02",76316326,76322556,6231,"+"
"770","PstI.TP153500","Sobic.002G416000.1","Chr02",76322888,76329198,6311,"-"
"771","PstI.TP153500","Sobic.002G415900.1","Chr02",76316326,76322556,6231,"+"
"772","PstI.TP153500","Sobic.002G416000.1","Chr02",76322888,76329198,6311,"-"
"773","PstI.TP15780","Sobic.009G218000.1","Chr09",56211082,56212337,1256,"+"
"774","PstI.TP190549","Sobic.007G142100.1","Chr07",57193804,57198082,4279,"-"
"775","PstI.TP217199","Sobic.001G517800.1","Chr01",78394663,78400035,5373,"+"
"776","PstI.TP217199","Sobic.001G517800.2","Chr01",78394663,78400035,5373,"+"
"777","PstI.TP228722","Sobic.006G176600.2","Chr06",53182512,53187346,4835,"-"
"778","PstI.TP228722","Sobic.006G176600.1","Chr06",53182532,53187346,4815,"-"
"779","PstI.TP233305","Sobic.003G417900.1","Chr03",72376391,72380819,4429,"+"
"780","PstI.TP238422","Sobic.003G277600.1","Chr03",61330543,61337175,6633,"+"
"781","PstI.TP238422","Sobic.003G277700.1","Chr03",61337288,61341144,3857,"-"
"782","PstI.TP238422","Sobic.003G277600.1","Chr03",61330543,61337175,6633,"+"
"783","PstI.TP238422","Sobic.003G277700.1","Chr03",61337288,61341144,3857,"-"
"784","PstI.TP246674","Sobic.004G057500.8","Chr04",4599193,4602679,3487,"+"
"785","PstI.TP246674","Sobic.004G057500.2","Chr04",4599194,4602685,3492,"+"
"786","PstI.TP246674","Sobic.004G057500.1","Chr04",4599194,4602709,3516,"+"
"787","PstI.TP246674","Sobic.004G057500.3","Chr04",4599218,4602675,3458,"+"
"788","PstI.TP251038","Sobic.007G044100.1","Chr07",4452815,4462263,9449,"+"
"789","PstI.TP26215","Sobic.009G006600.1","Chr09",582214,584551,2338,"-"
"790","PstI.TP26215","Sobic.009G006600.2","Chr09",582214,584551,2338,"-"
"791","PstI.TP285646","Sobic.007G164400.2","Chr07",59944610,59946235,1626,"-"
"792","PstI.TP292268","Sobic.005G037700.1","Chr05",3448722,3450155,1434,"+"
"793","PstI.TP292777","Sobic.007G213500.1","Chr07",64227573,64229696,2124,"+"
"794","PstI.TP300328","Sobic.003G115400.1","Chr03",10398208,10400656,2449,"-"
"795","PstI.TP317521","Sobic.004G325000.1","Chr04",66040983,66044797,3815,"-"
"796","PstI.TP344899","Sobic.007G181600.1","Chr07",61481623,61484493,2871,"-"
"797","PstI.TP344899","Sobic.007G181600.2","Chr07",61481623,61484493,2871,"-"
"798","PstI.TP385678","Sobic.002G153200.2","Chr02",45781720,45783353,1634,"+"
"799","PstI.TP393536","Sobic.001G378200.1","Chr01",66631252,66633147,1896,"-"
"800","PstI.TP410209","Sobic.003G382500.1","Chr03",69598917,69603224,4308,"-"
"801","PstI.TP410209","Sobic.003G382500.2","Chr03",69598917,69603224,4308,"-"
"802","PstI.TP418863","Sobic.006G265900.1","Chr06",59968764,59971233,2470,"+"
"803","PstI.TP425751","Sobic.002G350400.1","Chr02",71460150,71463561,3412,"+"
"804","PstI.TP425751","Sobic.002G350400.2","Chr02",71460150,71463561,3412,"+"
"805","PstI.TP433824","Sobic.003G234400.4","Chr03",57311562,57316959,5398,"+"
"806","PstI.TP454285","Sobic.002G242200.1","Chr02",63150942,63153974,3033,"-"
"807","PstI.TP457393","Sobic.001G313800.1","Chr01",60096593,60097417,825,"+"
"808","PstI.TP459121","Sobic.001G514400.1","Chr01",78160422,78162432,2011,"+"
"809","PstI.TP459121","Sobic.001G514500.3","Chr01",78162706,78168567,5862,"-"
"810","PstI.TP459121","Sobic.001G514500.6","Chr01",78162706,78168571,5866,"-"
"811","PstI.TP459121","Sobic.001G514500.5","Chr01",78162706,78168572,5867,"-"
"812","PstI.TP459121","Sobic.001G514500.10","Chr01",78162706,78168589,5884,"-"
"813","PstI.TP459121","Sobic.001G514500.2","Chr01",78162706,78168595,5890,"-"
"814","PstI.TP459121","Sobic.001G514500.4","Chr01",78162706,78168595,5890,"-"
"815","PstI.TP459121","Sobic.001G514500.8","Chr01",78162706,78168598,5893,"-"
"816","PstI.TP459121","Sobic.001G514500.9","Chr01",78162706,78168598,5893,"-"
"817","PstI.TP459121","Sobic.001G514500.7","Chr01",78162706,78168624,5919,"-"
"818","PstI.TP459121","Sobic.001G514400.1","Chr01",78160422,78162432,2011,"+"
"819","PstI.TP459121","Sobic.001G514500.3","Chr01",78162706,78168567,5862,"-"
"820","PstI.TP459121","Sobic.001G514500.6","Chr01",78162706,78168571,5866,"-"
"821","PstI.TP459121","Sobic.001G514500.5","Chr01",78162706,78168572,5867,"-"
"822","PstI.TP459121","Sobic.001G514500.10","Chr01",78162706,78168589,5884,"-"
"823","PstI.TP459121","Sobic.001G514500.2","Chr01",78162706,78168595,5890,"-"
"824","PstI.TP459121","Sobic.001G514500.4","Chr01",78162706,78168595,5890,"-"
"825","PstI.TP459121","Sobic.001G514500.8","Chr01",78162706,78168598,5893,"-"
"826","PstI.TP459121","Sobic.001G514500.9","Chr01",78162706,78168598,5893,"-"
"827","PstI.TP459121","Sobic.001G514500.7","Chr01",78162706,78168624,5919,"-"
"828","PstI.TP485051","Sobic.001G094600.1","Chr01",7257522,7260035,2514,"-"
"829","PstI.TP485114","Sobic.009G229700.1","Chr09",57032871,57036097,3227,"+"
"830","PstI.TP485114","Sobic.009G229600.1","Chr09",57023498,57032493,8996,"-"
"831","PstI.TP485114","Sobic.009G229600.2","Chr09",57023498,57032493,8996,"-"
"832","PstI.TP485114","Sobic.009G229700.1","Chr09",57032871,57036097,3227,"+"
"833","PstI.TP485114","Sobic.009G229600.1","Chr09",57023498,57032493,8996,"-"
"834","PstI.TP485114","Sobic.009G229600.2","Chr09",57023498,57032493,8996,"-"
"835","PstI.TP504809","Sobic.004G063900.1","Chr04",5155109,5156644,1536,"+"
"836","PstI.TP521834","Sobic.004G187100.1","Chr04",53919932,53926437,6506,"-"
"837","PstI.TP521834","Sobic.004G187100.2","Chr04",53919932,53926437,6506,"-"
"838","PstI.TP521834","Sobic.004G187100.3","Chr04",53919932,53926437,6506,"-"
"839","PstI.TP521834","Sobic.004G187100.4","Chr04",53919932,53926437,6506,"-"
"840","PstI.TP53013","Sobic.009G259900.1","Chr09",59321024,59328186,7163,"+"
"841","PstI.TP532345","Sobic.009G099000.1","Chr09",38258489,38275612,17124,"+"
"842","PstI.TP532345","Sobic.009G099100.4","Chr09",38276165,38281242,5078,"-"
"843","PstI.TP532345","Sobic.009G099100.3","Chr09",38276165,38281484,5320,"-"
"844","PstI.TP532345","Sobic.009G099100.1","Chr09",38276165,38281496,5332,"-"
"845","PstI.TP532345","Sobic.009G099100.2","Chr09",38276165,38281509,5345,"-"
"846","PstI.TP532345","Sobic.009G099100.5","Chr09",38276165,38281509,5345,"-"
"847","PstI.TP532345","Sobic.009G099000.1","Chr09",38258489,38275612,17124,"+"
"848","PstI.TP532345","Sobic.009G099100.4","Chr09",38276165,38281242,5078,"-"
"849","PstI.TP532345","Sobic.009G099100.3","Chr09",38276165,38281484,5320,"-"
"850","PstI.TP532345","Sobic.009G099100.1","Chr09",38276165,38281496,5332,"-"
"851","PstI.TP532345","Sobic.009G099100.2","Chr09",38276165,38281509,5345,"-"
"852","PstI.TP532345","Sobic.009G099100.5","Chr09",38276165,38281509,5345,"-"
"853","PstI.TP53685","Sobic.008G082800.1","Chr08",15752370,15754852,2483,"-"
"854","PstI.TP53685","Sobic.008G082800.2","Chr08",15752370,15754852,2483,"-"
"855","PstI.TP541255","Sobic.010G192600.2","Chr10",53477729,53481217,3489,"+"
"856","PstI.TP541255","Sobic.010G192600.1","Chr10",53477729,53484983,7255,"+"
"857","PstI.TP543083","Sobic.007G068300.1","Chr07",7617494,7620027,2534,"+"
"858","PstI.TP547023","Sobic.002G405800.1","Chr02",75554537,75564924,10388,"-"
"859","PstI.TP547023","Sobic.002G405800.2","Chr02",75554537,75564924,10388,"-"
"860","PstI.TP570804","Sobic.004G053600.3","Chr04",4363597,4365472,1876,"+"
"861","PstI.TP570804","Sobic.004G053600.1","Chr04",4363605,4365472,1868,"+"
"862","PstI.TP570804","Sobic.004G053600.6","Chr04",4363605,4365472,1868,"+"
"863","PstI.TP570804","Sobic.004G053600.4","Chr04",4363605,4365607,2003,"+"
"864","PstI.TP570804","Sobic.004G053600.5","Chr04",4363605,4365607,2003,"+"
"865","PstI.TP570804","Sobic.004G053600.2","Chr04",4363605,4366050,2446,"+"
"866","PstI.TP570804","Sobic.004G053700.1","Chr04",4365616,4367727,2112,"-"
"867","PstI.TP570804","Sobic.004G053600.3","Chr04",4363597,4365472,1876,"+"
"868","PstI.TP570804","Sobic.004G053600.1","Chr04",4363605,4365472,1868,"+"
"869","PstI.TP570804","Sobic.004G053600.6","Chr04",4363605,4365472,1868,"+"
"870","PstI.TP570804","Sobic.004G053600.4","Chr04",4363605,4365607,2003,"+"
"871","PstI.TP570804","Sobic.004G053600.5","Chr04",4363605,4365607,2003,"+"
"872","PstI.TP570804","Sobic.004G053600.2","Chr04",4363605,4366050,2446,"+"
"873","PstI.TP570804","Sobic.004G053700.1","Chr04",4365616,4367727,2112,"-"
"874","PstI.TP577552","Sobic.002G221400.2","Chr02",61333318,61336713,3396,"+"
"875","PstI.TP577552","Sobic.002G221400.1","Chr02",61333318,61337308,3991,"+"
"876","PstI.TP58391","Sobic.007G220150.1","Chr07",64847295,64850360,3066,"+"
"877","PstI.TP58391","Sobic.007G220200.3","Chr07",64850475,64852082,1608,"+"
"878","PstI.TP58391","Sobic.007G220150.1","Chr07",64847295,64850360,3066,"+"
"879","PstI.TP58391","Sobic.007G220200.3","Chr07",64850475,64852082,1608,"+"
"880","PstI.TP604956","Sobic.010G070100.1","Chr10",5627081,5630306,3226,"-"
"881","PstI.TP604956","Sobic.010G070100.2","Chr10",5627081,5630306,3226,"-"
"882","PstI.TP607682","Sobic.006G239300.1","Chr06",57990555,57994242,3688,"-"
"883","PstI.TP609962","Sobic.005G123500.1","Chr05",53906531,53909045,2515,"-"
"884","PstI.TP617554","Sobic.007G035900.1","Chr07",3245212,3246147,936,"-"
"885","PstI.TP629514","Sobic.006G057300.1","Chr06",40242354,40244140,1787,"-"
"886","PstI.TP663163","Sobic.002G330400.1","Chr02",69906408,69909933,3526,"+"
"887","PstI.TP69823","Sobic.001G429100.1","Chr01",70804848,70808500,3653,"+"
"888","PstI.TP69959","Sobic.009G238500.1","Chr09",57639492,57641346,1855,"-"
"889","PstI.TP704102","Sobic.003G413800.1","Chr03",72095299,72096870,1572,"+"
"890","PstI.TP714651","Sobic.005G029700.1","Chr05",2631011,2641746,10736,"-"
"891","PstI.TP719892","Sobic.005G167800.1","Chr05",64651919,64655299,3381,"-"
"892","PstI.TP723544","Sobic.009G021700.1","Chr09",1942720,1944208,1489,"-"
"893","PstI.TP729133","Sobic.007G105800.1","Chr07",37734813,37735968,1156,"+"
"894","PstI.TP737551","Sobic.006G235700.1","Chr06",57757224,57760331,3108,"+"
"895","PstI.TP747686","Sobic.005G002400.1","Chr05",190488,194282,3795,"+"
"896","PstI.TP775752","Sobic.010G146000.1","Chr10",41350269,41353669,3401,"-"
"897","PstI.TP77980","Sobic.010G106900.1","Chr10",10334516,10347396,12881,"+"
"898","PstI.TP794569","Sobic.002G037700.1","Chr02",3705260,3715914,10655,"-"
"899","PstI.TP797446","Sobic.003G129600.1","Chr03",12133834,12140553,6720,"-"
"900","PstI.TP802133","Sobic.004G162900.1","Chr04",51214219,51215601,1383,"-"
"901","PstI.TP815977","Sobic.008G100801.1","Chr08",47697853,47699186,1334,"+"
"902","PstI.TP815977","Sobic.008G100700.1","Chr08",47695374,47702005,6632,"-"
"903","PstI.TP815977","Sobic.008G100801.1","Chr08",47697853,47699186,1334,"+"
"904","PstI.TP815977","Sobic.008G100700.1","Chr08",47695374,47702005,6632,"-"
"905","PstI.TP828064","Sobic.009G202801.1","Chr09",55172523,55178621,6099,"-"
"906","PstI.TP841498","Sobic.005G206300.4","Chr05",69226352,69232612,6261,"+"
"907","PstI.TP841498","Sobic.005G206300.2","Chr05",69226353,69232612,6260,"+"
"908","PstI.TP841498","Sobic.005G206300.3","Chr05",69226419,69233717,7299,"+"
"909","PstI.TP850835","Sobic.001G079600.1","Chr01",6115167,6119223,4057,"-"
"910","PstI.TP862775","Sobic.009G008100.1","Chr09",772264,776588,4325,"+"
"911","PstI.TP862775","Sobic.009G008100.2","Chr09",772264,776588,4325,"+"
"912","PstI.TP862775","Sobic.009G008100.3","Chr09",772264,776588,4325,"+"
"913","PstI.TP866959","Sobic.009G145500.1","Chr09",50248696,50250327,1632,"-"
"914","PstI.TP866959","Sobic.009G145600.2","Chr09",50251344,50255195,3852,"-"
"915","PstI.TP866959","Sobic.009G145500.1","Chr09",50248696,50250327,1632,"-"
"916","PstI.TP866959","Sobic.009G145600.2","Chr09",50251344,50255195,3852,"-"
"917","PstI.TP869093","Sobic.001G140200.1","Chr01",11185282,11192665,7384,"+"
"918","PstI.TP892749","Sobic.001G540300.1","Chr01",80311227,80316052,4826,"+"
"919","PstI.TP892749","Sobic.001G540250.1","Chr01",80310404,80311199,796,"-"
"920","PstI.TP892749","Sobic.001G540300.1","Chr01",80311227,80316052,4826,"+"
"921","PstI.TP892749","Sobic.001G540250.1","Chr01",80310404,80311199,796,"-"
"922","PstI.TP994751","Sobic.010G268400.1","Chr10",60307573,60310425,2853,"+"
"923","PstI.TP994751","Sobic.010G268500.1","Chr10",60310429,60313483,3055,"-"
"924","PstI.TP994751","Sobic.010G268400.1","Chr10",60307573,60310425,2853,"+"
"925","PstI.TP994751","Sobic.010G268500.1","Chr10",60310429,60313483,3055,"-"
"926","PstI.TP995394","Sobic.009G149400.1","Chr09",50622315,50626169,3855,"-"
"927","PstI.TP995394","Sobic.009G149500.1","Chr09",50626744,50630476,3733,"-"
"928","PstI.TP995394","Sobic.009G149500.2","Chr09",50626744,50630476,3733,"-"
"929","PstI.TP995394","Sobic.009G149400.1","Chr09",50622315,50626169,3855,"-"
"930","PstI.TP995394","Sobic.009G149500.1","Chr09",50626744,50630476,3733,"-"
"931","PstI.TP995394","Sobic.009G149500.2","Chr09",50626744,50630476,3733,"-"
"932","PstI.TP998275","Sobic.004G103100.2","Chr04",9701720,9702196,477,"-"
"933","PstI.TP998491","Sobic.002G117600.1","Chr02",14518039,14538095,20057,"-"
"934","GFSSContig19553_1853","Sobic.003G119400.1","Chr03",10802232,10806033,3802,"+"
"935","NsiI.TP128678","Sobic.003G375200.1","Chr03",68999883,69007574,7692,"+"
"936","NsiI.TP308953","Sobic.008G084100.1","Chr08",16086555,16090281,3727,"+"
"937","NsiI.TP447144","Sobic.003G305500.1","Chr03",63529430,63531284,1855,"-"
"938","NsiI.TP471487","Sobic.010G188500.1","Chr10",52896453,52900041,3589,"+"
"939","NsiI.TP57283","Sobic.006G130800.1","Chr06",49502325,49508126,5802,"-"
"940","NsiI.TP631452","Sobic.010G183032.1","Chr10",52285960,52287598,1639,"-"
"941","NsiI.TP648509","Sobic.010G146000.1","Chr10",41350269,41353669,3401,"-"
"942","NsiI.TP762935","Sobic.006G018800.1","Chr06",3178404,3183167,4764,"+"
"943","PstI.TP1040729","Sobic.004G197300.1","Chr04",54843306,54844272,967,"-"
"944","PstI.TP1040729","Sobic.004G197400.1","Chr04",54844528,54853373,8846,"-"
"945","PstI.TP110898","Sobic.010G104900.1","Chr10",9875884,9881144,5261,"-"
"946","PstI.TP110898","Sobic.010G104900.3","Chr10",9875884,9881144,5261,"-"
"947","PstI.TP110898","Sobic.010G104900.4","Chr10",9875884,9881144,5261,"-"
"948","PstI.TP110898","Sobic.010G104900.2","Chr10",9876675,9881144,4470,"-"
"949","PstI.TP110898","Sobic.010G104900.1","Chr10",9875884,9881144,5261,"-"
"950","PstI.TP110898","Sobic.010G104900.3","Chr10",9875884,9881144,5261,"-"
"951","PstI.TP110898","Sobic.010G104900.4","Chr10",9875884,9881144,5261,"-"
"952","PstI.TP110898","Sobic.010G104900.2","Chr10",9876675,9881144,4470,"-"
"953","PstI.TP1155086","Sobic.009G142800.4","Chr09",50005037,50008259,3223,"+"
"954","PstI.TP1155086","Sobic.009G142800.3","Chr09",50005042,50008255,3214,"+"
"955","PstI.TP1155086","Sobic.009G142800.5","Chr09",50005632,50008255,2624,"+"
"956","PstI.TP1166626","Sobic.007G052900.1","Chr07",5369624,5374502,4879,"-"
"957","PstI.TP1166626","Sobic.007G052900.2","Chr07",5369624,5374502,4879,"-"
"958","PstI.TP1166626","Sobic.007G052900.3","Chr07",5369624,5374502,4879,"-"
"959","PstI.TP1166626","Sobic.007G052900.4","Chr07",5369624,5374502,4879,"-"
"960","PstI.TP1193013","Sobic.006G277200.1","Chr06",60822255,60826353,4099,"+"
"961","PstI.TP140016","Sobic.006G225500.1","Chr06",57096038,57097017,980,"+"
"962","PstI.TP30555","Sobic.006G243900.3","Chr06",58395638,58399975,4338,"+"
"963","PstI.TP30555","Sobic.006G243900.2","Chr06",58395638,58401831,6194,"+"
"964","PstI.TP315072","Sobic.008G034000.2","Chr08",3138888,3140962,2075,"-"
"965","PstI.TP410206","Sobic.001G104500.1","Chr01",8001993,8006115,4123,"-"
"966","PstI.TP424396","Sobic.003G161500.3","Chr03",19272846,19277057,4212,"-"
"967","PstI.TP434866","Sobic.006G022200.1","Chr06",3913531,3923044,9514,"+"
"968","PstI.TP452173","Sobic.002G098500.2","Chr02",10523637,10527896,4260,"-"
"969","PstI.TP457393","Sobic.001G313800.1","Chr01",60096593,60097417,825,"+"
"970","PstI.TP476886","Sobic.002G175400.1","Chr02",55392886,55396332,3447,"+"
"971","PstI.TP55941","Sobic.006G150100.1","Chr06",51145123,51147729,2607,"+"
"972","PstI.TP577552","Sobic.002G221400.2","Chr02",61333318,61336713,3396,"+"
"973","PstI.TP577552","Sobic.002G221400.1","Chr02",61333318,61337308,3991,"+"
"974","PstI.TP6534","Sobic.004G306100.2","Chr04",64440836,64451263,10428,"+"
"975","PstI.TP6534","Sobic.004G306200.1","Chr04",64451754,64453755,2002,"-"
"976","PstI.TP6534","Sobic.004G306100.2","Chr04",64440836,64451263,10428,"+"
"977","PstI.TP6534","Sobic.004G306200.1","Chr04",64451754,64453755,2002,"-"
"978","PstI.TP723544","Sobic.009G021700.1","Chr09",1942720,1944208,1489,"-"
"979","PstI.TP738082","Sobic.010G078600.1","Chr10",6555565,6558034,2470,"+"
"980","PstI.TP742466","Sobic.005G222000.1","Chr05",70846703,70855117,8415,"-"
"981","PstI.TP745785","Sobic.006G086900.1","Chr06",45613551,45616219,2669,"+"
"982","PstI.TP745785","Sobic.006G086900.2","Chr06",45613551,45616999,3449,"+"
"983","PstI.TP745785","Sobic.006G086900.3","Chr06",45613551,45616999,3449,"+"
"984","PstI.TP753385","Sobic.008G149450.1","Chr08",58261135,58262523,1389,"-"
"985","PstI.TP773172","Sobic.003G215600.1","Chr03",55053821,55062277,8457,"-"
"986","PstI.TP789647","Sobic.003G379700.1","Chr03",69351545,69356137,4593,"-"
"987","PstI.TP789647","Sobic.003G379700.2","Chr03",69351545,69356140,4596,"-"
"988","PstI.TP935926","Sobic.006G202401.1","Chr06",55350744,55351639,896,"-"
"989","PstI.TP935926","Sobic.006G202500.1","Chr06",55351976,55354089,2114,"-"
"990","PstI.TP935926","Sobic.006G202401.1","Chr06",55350744,55351639,896,"-"
"991","PstI.TP935926","Sobic.006G202500.1","Chr06",55351976,55354089,2114,"-"
"992","PstI.TP991117","Sobic.006G169400.1","Chr06",52632465,52632919,455,"-"
"993","PstI.TP995173","Sobic.002G333400.1","Chr02",70168822,70173890,5069,"-"
