Entry1,filename,Effect,Estimate,StdErr,DF,tValue,Probt,Alpha,Lower,Upper,lambda,BackLSmeans,Backupper.CL,Backlower.CL,Individual,DAPC.group,Latitude,Longitude,group
DC-2010-001 A,CmN,Entry1,2.459221853,0.214304925,132,11.4753399,0,0.05,2.03530553,2.883138177,0.325,6.09389274,7.646971819,4.769160407,DC-2010-001 A,US naturalized,38.939,-77.049,M. sinensis
DC-2010-001 E,CmN,Entry1,2.833626025,0.237949032,132,11.90854191,0,0.05,2.36293932,3.304312731,0.325,7.453188837,9.434801842,5.773645004,DC-2010-001 E,US naturalized,38.939,-77.049,M. sinensis
KY-2009-001 C,CmN,Entry1,2.86292363,0.251767828,132,11.37128462,0,0.05,2.364901981,3.360945279,0.325,7.567449516,9.694822336,5.780056905,KY-2009-001 C,US naturalized,37.803,-83.663,M. sinensis
KY-2009-001 D,CmN,Entry1,3.098786695,0.313524104,132,9.883727127,0,0.05,2.478605027,3.718968363,0.325,8.53071339,11.45146114,6.159780849,KY-2009-001 D,US naturalized,37.803,-83.663,M. sinensis
KY-2009-001-B(20)-e,CmN,Entry1,2.962117401,0.251768806,132,11.76522799,0,0.05,2.464093818,3.460140984,0.325,7.963077231,10.16184629,6.110408745,KY-2009-001-B(20)-e,US naturalized,37.803,-83.663,M. sinensis
M. ×giganteus  'Illinois',CmN,Entry1,4.316281629,0.214304925,132,20.140842,4.42E-42,0.05,3.892365305,4.740197952,0.325,14.84000783,17.61728855,12.37452692,UI10-00107,M. xgiganteus 3x,NA,NA,M. ×giganteus
M. floridulus  'PI295762',CmN,Entry1,4.741254483,0.220277575,132,21.52399985,5.25E-45,0.05,4.305523667,5.176985298,0.325,17.62461599,20.82542437,14.77366536,PI295762,SE China/tropical,NA,NA,M. floridulus
M. floridulus  'US56-0022-03',CmN,Entry1,4.961986609,0.220277671,132,22.52605355,4.64E-47,0.05,4.526255604,5.397717615,0.325,19.20103538,22.58710012,16.17547717,PI230189,SE China/tropical,NA,NA,M. floridulus
M. sacchariflorus  'Hortico',CmN,Entry1,2.554789654,0.313545563,132,8.148065093,0,0.05,1.93456554,3.175013769,0.325,6.423410935,8.858869153,4.485867999,UI10-00008,M. sacchariflorus 2x,NA,NA,M. sacchariflorus
M. sinensis  'Adagio',CmN,Entry1,1.883003938,0.254810234,132,7.389828548,0,0.05,1.37896411,2.387043766,0.325,4.34536844,5.852726148,3.124807184,UI10-00020,Ornamental,NA,NA,M. sinensis
M. sinensis  'Allegro',CmN,Entry1,2.79892035,0.214304925,132,13.06045745,1.53E-25,0.05,2.375004027,3.222836674,0.325,7.31935043,9.069034875,5.813135762,UI10-00021,Ornamental,NA,NA,M. sinensis
M. sinensis  'Altweibersommer',CmN,Entry1,3.785324914,0.227479822,132,16.64026671,3.27E-34,0.05,3.335347341,4.235302487,0.325,11.79900663,14.34553472,9.57670191,UI10-00022,Ornamental,NA,NA,M. sinensis
M. sinensis  'Andante',CmN,Entry1,2.77268537,0.214304925,132,12.93803851,3.09E-25,0.05,2.348769046,3.196601693,0.325,7.219261832,8.953329091,5.727493936,UI10-00023,Ornamental,NA,NA,M. sinensis
M. sinensis  'Arabesque',CmN,Entry1,2.496853159,0.251767828,132,9.917284424,0,0.05,1.99883151,2.994874808,0.325,6.222248556,8.09673166,4.665237679,UI10-00024,Ornamental,NA,NA,M. sinensis
M. sinensis  'Autumn Light',CmN,Entry1,2.75077166,0.275130356,132,9.99806672,0,0.05,2.20653662,3.295006699,0.325,7.136370711,9.392529987,5.277970439,UI10-00025,Ornamental,NA,NA,M. sinensis
M. sinensis  'Ben Graz',CmN,Entry1,2.601826623,0.214304925,132,12.14076917,0,0.05,2.177910299,3.025742946,0.325,6.589921941,8.224055712,5.190475072,UI10-00026,Ornamental,NA,NA,M. sinensis
M. sinensis  'Ben Rotkopf',CmN,Entry1,3.4892812,0.313529848,132,11.12902399,0,0.05,2.86908817,4.109474229,0.325,10.30187215,13.59946424,7.591640837,UI10-00027,Ornamental,NA,NA,M. sinensis
M. sinensis  'Berlin',CmN,Entry1,3.108504512,0.254810234,132,12.19929227,0,0.05,2.604464684,3.61254434,0.325,8.572084132,10.90859792,6.599346011,UI10-00028,Ornamental,NA,NA,M. sinensis
M. sinensis  'Bitsy Ben',CmN,Entry1,2.855156965,0.418400494,132,6.82398087,0,0.05,2.027519433,3.682794497,0.325,7.537045169,11.26494201,4.74684622,UI10-00029,Ornamental,NA,NA,M. sinensis
M. sinensis  'Blondo',CmN,Entry1,3.198192544,0.214304925,132,14.92356066,4.04E-30,0.05,2.774276221,3.622108868,0.325,8.960316778,10.95665997,7.225304584,UI10-00030,Ornamental,NA,NA,M. sinensis
M. sinensis  'Bluetenwunder',CmN,Entry1,2.333982118,0.275129695,132,8.483206862,0,0.05,1.789748387,2.87821585,0.325,5.679600674,7.627556106,4.098856735,UI10-00031,Ornamental,NA,NA,M. sinensis
M. sinensis  'Bodacious Ben',CmN,Entry1,3.173435603,0.214304925,132,14.80803862,7.69E-30,0.05,2.749519279,3.597351926,0.325,8.85199025,10.83254845,7.131652941,UI10-00032,Ornamental,NA,NA,M. sinensis
M. sinensis  'Border Bandit',CmN,Entry1,3.091164457,0.418400494,132,7.388051648,0,0.05,2.263526925,3.918801989,0.325,8.498358429,12.51952876,5.455112819,UI10-00033,Ornamental,NA,NA,M. sinensis
M. sinensis  'Dixieland',CmN,Entry1,2.661661117,0.275123463,132,9.674424305,0,0.05,2.117439714,3.205882521,0.325,6.805914976,8.994146302,5.008877729,UI10-00036,Ornamental,NA,NA,M. sinensis
M. sinensis  'Emerald Shadow',CmN,Entry1,3.667131327,0.214304925,132,17.11174548,2.61E-35,0.05,3.243215003,4.09104765,0.325,11.1848201,13.49245654,9.159604051,UI10-00038,Ornamental,NA,NA,M. sinensis
M. sinensis  'Emmanuel LePage',CmN,Entry1,2.989083098,0.220278806,132,13.56954468,8.36E-27,0.05,2.553349847,3.424816349,0.325,8.072991391,9.993832463,6.418359313,UI10-00039,Ornamental,NA,NA,M. sinensis
M. sinensis  'Flamingo',CmN,Entry1,3.008310985,0.214304925,132,14.03752615,5.87E-28,0.05,2.584394662,3.432227309,0.325,8.151988042,10.02892442,6.52787715,UI11-00024,Ornamental,NA,NA,M. sinensis
M. sinensis  'Giraffe',CmN,Entry1,2.987481315,0.214304925,132,13.94032973,1.02E-27,0.05,2.563564991,3.411397638,0.325,8.066433973,9.930504016,6.4542576,UI10-00042,Ornamental,NA,NA,M. sinensis
M. sinensis  'Gold and Silver',CmN,Entry1,1.877180437,0.251768806,132,7.455969105,0,0.05,1.379156854,2.37520402,0.325,4.329689291,5.81379192,3.1252231,UI10-00043,Ornamental,NA,NA,M. sinensis
M. sinensis  'Goliath',CmN,Entry1,2.995491266,0.214304925,132,13.97770615,8.23E-28,0.05,2.571574942,3.419407589,0.325,8.099261298,9.968273595,6.482500964,UI10-00047,Ornamental,NA,NA,M. sinensis
M. sinensis  'Gracillimus Nana',CmN,Entry1,1.838014822,0.220278151,132,8.344063243,0,0.05,1.402282867,2.273746777,0.325,4.225230914,5.487297553,3.175397719,UI10-00051,Ornamental,NA,NA,M. sinensis
M. sinensis  'Gracillimus'--PI295764,CmN,Entry1,4.185671627,0.214304925,132,19.53138329,9.29E-41,0.05,3.761755304,4.609587951,0.325,14.04804554,16.72720705,11.67475612,PI295764,SE China/tropical,NA,NA,M. sinensis
M. sinensis  'Gracillimus'--UI10-00048,CmN,Entry1,2.773291848,0.214304925,132,12.94086849,3.04E-25,0.05,2.349375525,3.197208172,0.325,7.2215651,8.955992568,5.729464054,UI10-00048,Ornamental,NA,NA,M. sinensis
M. sinensis  'Graziella',CmN,Entry1,2.524765905,0.313545563,132,8.052309475,0,0.05,1.904541791,3.14499002,0.325,6.318625635,8.728619143,4.403689769,UI10-00052,Ornamental,NA,NA,M. sinensis
M. sinensis  'Grosse Fontaine',CmN,Entry1,3.03976624,0.227479822,132,13.36279503,2.72E-26,0.05,2.589788667,3.489743813,0.325,8.282342361,10.30410556,6.547033469,UI10-00053,Ornamental,NA,NA,M. sinensis
M. sinensis  'Haiku',CmN,Entry1,2.229700896,0.23795374,132,9.370312461,0,0.05,1.759004878,2.700396914,0.325,5.349495765,6.948263139,4.019707107,UI12-00005,Ornamental,NA,NA,M. sinensis
M. sinensis  'Huron Blush',CmN,Entry1,2.478425231,0.214304925,132,11.56494762,0,0.05,2.054508907,2.902341554,0.325,6.15916748,7.723036909,4.824497839,UI10-00056,Ornamental,NA,NA,M. sinensis
M. sinensis  'Huron Sentinel',CmN,Entry1,2.675404558,0.313529848,132,8.533173394,0,0.05,2.055211529,3.295597588,0.325,6.856192464,9.395210241,4.826530728,UI10-00057,Ornamental,NA,NA,M. sinensis
M. sinensis  'July (Juli)',CmN,Entry1,2.833026948,0.214304925,132,13.2196073,6.17E-26,0.05,2.409110625,3.256943272,0.325,7.450864667,9.22096073,5.92576056,UI10-00060,Ornamental,NA,NA,M. sinensis
M. sinensis  'Kaskade',CmN,Entry1,3.107899781,0.214304925,132,14.5022322,4.27E-29,0.05,2.683983458,3.531816105,0.325,8.569505725,10.50859207,6.887703311,UI10-00061,Ornamental,NA,NA,M. sinensis
M. sinensis  'Kirk Alexander',CmN,Entry1,3.210964333,0.275131111,132,11.67066974,0,0.05,2.666727801,3.755200866,0.325,9.016549308,11.64036111,6.824421308,UI10-00062,Ornamental,NA,NA,M. sinensis
M. sinensis  'Kleine Fontaine',CmN,Entry1,2.487020614,0.227476536,132,10.93308636,0,0.05,2.037049541,2.936991687,0.325,6.188536551,7.861576216,4.774168258,UI10-00063,Ornamental,NA,NA,M. sinensis
M. sinensis  'Kleine Silberspinne (Little Silver Spider)',CmN,Entry1,2.60334965,0.251768806,132,10.3402391,0,0.05,2.105326067,3.101373233,0.325,6.595361613,8.541711621,4.973022909,UI10-00064,Ornamental,NA,NA,M. sinensis
M. sinensis  'Little Nickey (syn. Hinjo)',CmN,Entry1,3.290791255,0.313529848,132,10.49594249,0,0.05,2.670598226,3.910984285,0.325,9.373423837,12.47653088,6.838581104,UI10-00066,Ornamental,NA,NA,M. sinensis
M. sinensis  'Minuette',CmN,Entry1,3.123205424,0.214304925,132,14.57365213,2.86E-29,0.05,2.699289101,3.547121748,0.325,8.634926002,10.58365721,6.944164436,UI10-00070,Ornamental,NA,NA,M. sinensis
M. sinensis  'Morning Light',CmN,Entry1,3.180603059,0.313545563,132,10.14399002,0,0.05,2.560378944,3.800827173,0.325,8.883260744,11.88121369,6.443046618,UI10-00071,Ornamental,NA,NA,M. sinensis
M. sinensis  'Mt. Washington',CmN,Entry1,2.362121592,0.228829059,132,10.32264697,0,0.05,1.909475096,2.814768088,0.325,5.770974951,7.380262324,4.417122391,UI10-00072,Ornamental,NA,NA,M. sinensis
M. sinensis  'Mysterious Maiden',CmN,Entry1,3.172787509,0.313529848,132,10.11957084,0,0.05,2.55259448,3.792980539,0.325,8.849166385,11.83955556,6.41571015,UI10-00073,Ornamental,NA,NA,M. sinensis
M. sinensis  'Nippon',CmN,Entry1,3.888151342,0.313529848,132,12.40121592,0,0.05,3.267958313,4.508344372,0.325,12.35151913,16.05851615,9.270391131,UI10-00074,Ornamental,NA,NA,M. sinensis
M. sinensis  'November Sunset',CmN,Entry1,2.528655229,0.227477416,132,11.11607155,0,0.05,2.078682416,2.978628042,0.325,6.332134146,8.030255072,4.894771546,UI10-00075,Ornamental,NA,NA,M. sinensis
M. sinensis  'Positano',CmN,Entry1,2.338836724,0.220278806,132,10.61762032,0,0.05,1.903103473,2.774569975,0.325,5.695294292,7.226420764,4.39977865,UI11-00009,Ornamental,NA,NA,M. sinensis
M. sinensis  'Puenktchen (Little Dot)',CmN,Entry1,1.943969458,0.418394903,132,4.646255111,8.08E-06,0.05,1.116342984,2.771595932,0.325,4.511818829,7.215125635,2.592080912,UI10-00078,Ornamental,NA,NA,M. sinensis
M. sinensis  'Rigoletto',CmN,Entry1,2.616075035,0.227476536,132,11.50041705,0,0.05,2.166103962,3.066046107,0.325,6.64093035,8.392322155,5.154676449,UI10-00079,Ornamental,NA,NA,M. sinensis
M. sinensis  'Roland',CmN,Entry1,2.879808483,0.251766138,132,11.43842658,0,0.05,2.381790178,3.377826789,0.325,7.63383447,9.773256959,5.835428419,UI10-00080,Ornamental,NA,NA,M. sinensis
M. sinensis  'Roter Pfeil (Red Arrow',CmN,Entry1,2.630914846,0.214304925,132,12.27650204,0,0.05,2.206998523,3.05483117,0.325,6.694338559,8.345268465,5.279390331,UI10-00081,Ornamental,NA,NA,M. sinensis
M. sinensis  'Rotsilber',CmN,Entry1,2.7909104,0.214304925,132,13.02308103,1.90E-25,0.05,2.366994076,3.214826723,0.325,7.288693135,9.033601703,5.78689695,UI10-00082,Ornamental,NA,NA,M. sinensis
M. sinensis  'Sarabande',CmN,Entry1,2.099512811,0.237949032,132,8.823371923,0,0.05,1.628826106,2.570199517,0.325,4.955878115,6.477645247,3.695980325,UI10-00083,Ornamental,NA,NA,M. sinensis
M. sinensis  'Silberfeder (Silver Feather)'--UI10-00084,CmN,Entry1,3.328932656,0.214304925,132,15.53362649,1.37E-31,0.05,2.905016332,3.752848979,0.325,9.547254651,11.62803607,7.733672129,UI10-00084,Ornamental,NA,NA,M. sinensis
M. sinensis  'Silberfeder (Silver Feather)'--UI10-00085,CmN,Entry1,3.127204607,0.214304925,132,14.59231332,2.57E-29,0.05,2.703288284,3.551120931,0.325,8.652074919,10.6033303,6.958968365,UI10-00085,Ornamental,NA,NA,M. sinensis
M. sinensis  'Silberfeil (Silver Arrow)',CmN,Entry1,3.26257629,0.227476536,132,14.34247394,1.05E-28,0.05,2.812605217,3.712547363,0.325,9.246216819,11.41820226,7.371929092,UI10-00086,Ornamental,NA,NA,M. sinensis
M. sinensis  'Silberspinne (Silver Spider)',CmN,Entry1,2.260877863,0.418394903,132,5.403693604,2.95E-07,0.05,1.433251389,3.088504337,0.325,5.446791141,8.48708625,3.243435304,UI10-00087,Ornamental,NA,NA,M. sinensis
M. sinensis  'Silberturm (Silver Tower)',CmN,Entry1,3.54686959,0.227482328,132,15.59184672,9.93E-32,0.05,3.09688706,3.996852119,0.325,10.5824176,12.95430743,8.522642033,UI10-00088,Ornamental,NA,NA,M. sinensis
M. sinensis  'Sirene',CmN,Entry1,3.278500825,0.23795374,132,13.77789155,2.56E-27,0.05,2.807804807,3.749196842,0.325,9.317868262,11.60891453,7.353456495,UI10-00089,Ornamental,NA,NA,M. sinensis
M. sinensis  'Stardust',CmN,Entry1,3.960526709,0.313529848,132,12.63205635,1.79E-24,0.05,3.340333679,4.580719738,0.325,12.75071003,16.53466043,9.599634502,UI10-00090,Ornamental,NA,NA,M. sinensis
M. sinensis  'Strictus',CmN,Entry1,3.021879415,0.227482328,132,13.28401833,4.27E-26,0.05,2.571896885,3.471861944,0.325,8.208046059,10.21801288,6.483637886,UI10-00092,Ornamental,NA,NA,M. sinensis
M. sinensis  'Super Stripe',CmN,Entry1,3.172787509,0.313529848,132,10.11957084,0,0.05,2.55259448,3.792980539,0.325,8.849166385,11.83955556,6.41571015,UI10-00094,Ornamental,NA,NA,M. sinensis
M. sinensis  'Undine',CmN,Entry1,2.744541492,0.214304925,132,12.80671219,6.58E-25,0.05,2.320625168,3.168457815,0.325,7.112922227,8.830316712,5.636571988,UI10-00096,Ornamental,NA,NA,M. sinensis
M. sinensis  'US47-0011',CmN,Entry1,4.990501065,0.237951781,132,20.97274093,7.48E-44,0.05,4.519808922,5.461193208,0.325,19.41136868,23.11171009,16.13331409,CANE9233,SE China/tropical,23.7,120.96,M. sinensis
M. sinensis  'US64-0004-02',CmN,Entry1,4.489422544,0.214304925,132,20.94876051,8.40E-44,0.05,4.06550622,4.913338867,0.325,15.93557741,18.84575195,13.34507309,PI294602,SE China/tropical,NA,NA,M. sinensis
M. sinensis  'Variegatus',CmN,Entry1,2.801527027,0.214304925,132,13.07262085,1.43E-25,0.05,2.377610704,3.225443351,0.325,7.329345969,9.080586087,5.821691941,UI10-00097,Ornamental,NA,NA,M. sinensis
M. sinensis  'Wetterfahne',CmN,Entry1,2.903895712,0.220277671,132,13.18288731,7.61E-26,0.05,2.468164706,3.339626717,0.325,7.729215215,9.596380871,6.124232241,UI10-00099,Ornamental,NA,NA,M. sinensis
M. sinensis  'Yaku Jima Dwarf',CmN,Entry1,2.386850458,0.214304925,132,11.137637,0,0.05,1.962934135,2.810766782,0.325,5.852089059,7.36485086,4.564461179,UI10-00101,Ornamental,NA,NA,M. sinensis
M. sinensis  'Zebrinus',CmN,Entry1,3.955739961,0.251768806,132,15.71179539,5.13E-32,0.05,3.457716378,4.453763544,0.325,12.72404332,15.70562374,10.1502537,UI10-00102,Ornamental,NA,NA,M. sinensis
M. sinensis  'Zwergzebra',CmN,Entry1,2.980947367,0.214304925,132,13.90984071,1.21E-27,0.05,2.557031043,3.40486369,0.325,8.039722383,9.899765914,6.431280279,UI10-00104,Ornamental,NA,NA,M. sinensis
M. sinensis var. condensatus  'US64-0007-01',CmN,Entry1,3.036326752,0.23794903,132,12.7604082,8.58E-25,0.05,2.565640052,3.507013452,0.325,8.268020694,10.38771413,6.461566349,PI294605,SE China/tropical,NA,NA,M. sinensis var. condensatus
M. sinensis var. condensatus 'Cabaret',CmN,Entry1,3.489015848,0.214304925,132,16.28061442,2.29E-33,0.05,3.065099524,3.912932171,0.325,10.30059123,12.48723504,8.388343744,UI10-00012,Ornamental,NA,NA,M. sinensis var. condensatus
M. sinensis var. condensatus 'Cosmopolitan',CmN,Entry1,3.143686489,0.214304925,132,14.66922187,1.67E-29,0.05,2.719770165,3.567602812,0.325,8.722993591,10.68466978,7.020204809,UI10-00015,Ornamental,NA,NA,M. sinensis var. condensatus
M. sinensis var. condensatus--UI10-00017,CmN,Entry1,3.093447061,0.220278089,132,14.04337162,5.68E-28,0.05,2.657715228,3.529178893,0.325,8.508038948,10.49569451,6.791525893,UI10-00017,Ornamental,NA,NA,M. sinensis
M. sp  'M75-062',CmN,Entry1,3.846175772,0.214304925,132,17.94721132,3.16E-37,0.05,3.422259448,4.270092095,0.325,12.12391127,14.55658087,9.981744429,PI423566,SE China/tropical,NA,NA,M. sp
M. sp  'US64-0016-03',CmN,Entry1,3.837885389,0.214304925,132,17.90852634,3.87E-37,0.05,3.413969066,4.261801713,0.325,12.079295,14.50609956,9.942618606,PI302423,SE China/tropical,NA,NA,M. sp
M. transmorrisonensis,CmN,Entry1,2.585015758,0.251767828,132,10.26745863,0,0.05,2.086994109,3.083037407,0.325,6.530080986,8.46395199,4.91909279,UI10-00106,Ornamental,NA,NA,M. transmorrisonensis
Miscanthus sacchariflorus  'PMS-071',CmN,Entry1,3.739197756,0.220278151,132,16.97489171,5.43E-35,0.05,3.303465801,4.174929711,0.325,11.55667084,13.98421107,9.430949434,PMS-071,M. sacchariflorus 2x,40.39,117.01,M. sacchariflorus
Miscanthus sacchariflorus  'PMS-074',CmN,Entry1,2.939785302,0.275130356,132,10.6850634,0,0.05,2.395550263,3.484020342,0.325,7.872818253,10.27649671,5.880807596,PMS-074,M. sacchariflorus 2x,40.13,116.17,M. sacchariflorus
Miscanthus sacchariflorus  'PMS-076',CmN,Entry1,4.259264056,0.220277689,132,19.335885,2.49E-40,0.05,3.823533015,4.694995097,0.325,14.49067106,17.30571226,12.00231722,PMS-076,M. sacchariflorus 2x,40.16,116.05,M. sacchariflorus
Miscanthus sinensis  'Malepartus',CmN,Entry1,3.227693481,0.214304925,132,15.06121936,1.87E-30,0.05,2.803777157,3.651609804,0.325,9.090565281,11.1058031,7.337981703,UI12-00002,Ornamental,NA,NA,M. sinensis
Miscanthus sinensis  'PMS-023',CmN,Entry1,3.934774453,0.220277575,132,17.86280087,4.92E-37,0.05,3.499043637,4.370505268,0.325,12.60768908,15.17745869,10.3490727,PMS-023,Sichuan,29.9,107.7,M. sinensis
Miscanthus sinensis  'PMS-067',CmN,Entry1,3.794891567,0.214304925,132,17.70790648,1.11E-36,0.05,3.370975243,4.21880789,0.325,11.8496922,14.24619846,9.741371967,PMS-067,Sichuan,30.56,104.3,M. sinensis
Miscanthus sinensis  'PMS-087',CmN,Entry1,3.565242542,0.251766138,132,14.16092955,2.92E-28,0.05,3.067224236,4.063260848,0.325,10.6729959,13.33216868,8.397275513,PMS-087,Yangtze-Qinling,31.47,110.39,M. sinensis
Miscanthus sinensis  'PMS-088',CmN,Entry1,2.896526902,0.251767828,132,11.5047539,0,0.05,2.398505253,3.394548551,0.325,7.699951262,9.851370523,5.890583783,PMS-088,Yangtze-Qinling,31.49,110.37,M. sinensis
Miscanthus sinensis  'PMS-130',CmN,Entry1,2.483714294,0.220278806,132,11.27532122,0,0.05,2.047981044,2.919447545,0.325,6.177228214,7.791222856,4.805638461,PMS-130,Yangtze-Qinling,33.46,105.14,M. sinensis
Miscanthus sinensis  'PMS-131',CmN,Entry1,2.184098192,0.254807517,132,8.571561071,0,0.05,1.680063738,2.688132647,0.325,5.209304563,6.902978559,3.821210388,PMS-131,Yangtze-Qinling,33.5,105.36,M. sinensis
Miscanthus sinensis  'PMS-161',CmN,Entry1,3.40487547,0.227477416,132,14.96797148,3.15E-30,0.05,2.954902657,3.854848282,0.325,9.899821274,12.17070294,7.933841656,PMS-161,Yangtze-Qinling,35.72,112.32,M. sinensis
Miscanthus sinensis  'PMS-164',CmN,Entry1,3.742800041,0.214304925,132,17.46483449,4.00E-36,0.05,3.318883718,4.166716365,0.325,11.5754739,13.93553507,9.501246954,PMS-164,Yangtze-Qinling,37.34,114.28,M. sinensis
Miscanthus sinensis  'PMS-204',CmN,Entry1,3.748111315,0.214304925,132,17.48961821,3.51E-36,0.05,3.324194991,4.172027638,0.325,11.60323512,13.96699898,9.525545204,PMS-204,Yangtze-Qinling,31.7,114.87,M. sinensis
Miscanthus sinensis  'PMS-226',CmN,Entry1,4.086162539,0.214304925,132,19.06704917,9.75E-40,0.05,3.662246215,4.510078862,0.325,13.46418311,16.06981739,11.15991018,PMS-226,Sichuan,26.62,106.75,M. sinensis
Miscanthus sinensis  'PMS-227',CmN,Entry1,3.727404464,0.214304925,132,17.3929949,5.86E-36,0.05,3.303488141,4.151320788,0.325,11.49525695,13.84460227,9.431051038,PMS-227,Sichuan,26.61,106.75,M. sinensis
Miscanthus sinensis  'PMS-300',CmN,Entry1,4.089102036,0.214304925,132,19.0807656,9.09E-40,0.05,3.665185712,4.513018359,0.325,13.48119116,16.08898223,11.17489462,PMS-300,M. xgiganteus 2x,30.87,120.14,M. sinensis
Miscanthus sinensis  'PMS-303',CmN,Entry1,3.487596564,0.227482328,132,15.3312857,4.19E-31,0.05,3.037614034,3.937579093,0.325,10.29374181,12.62321246,8.273378842,PMS-303,Yangtze-Qinling,30.1,119.94,M. sinensis
Miscanthus sinensis  'PMS-359',CmN,Entry1,3.41356099,0.227476536,132,15.0062114,2.55E-30,0.05,2.963589917,3.863532062,0.325,9.940695401,12.2176774,7.96905308,PMS-359,SE China/tropical,22.91,112.34,M. sinensis
Miscanthus sinensis  'PMS-375',CmN,Entry1,3.689661398,0.313529848,132,11.76813442,0,0.05,3.069468368,4.309854427,0.325,11.30019013,14.80034827,8.406716264,PMS-375,SE China/tropical,19.63,110.29,M. sinensis
Miscanthus sinensis  'PMS-381',CmN,Entry1,3.757441512,0.227482328,132,16.51750949,6.35E-34,0.05,3.307458982,4.207424041,0.325,11.6521114,14.1779124,9.449122413,PMS-381,SE China/tropical,19.01,109.65,M. sinensis
Miscanthus sinensis  'PMS-382',CmN,Entry1,3.724557526,0.227477416,132,16.37330684,1.39E-33,0.05,3.274584714,4.174530339,0.325,11.48046453,13.98184156,9.300213342,PMS-382,SE China/tropical,18.91,109.51,M. sinensis
Miscanthus sinensis  'PMS-425',CmN,Entry1,3.454587308,0.227482328,132,15.1861788,9.36E-31,0.05,3.004604779,3.904569838,0.325,10.13530611,12.44132554,8.1367209,PMS-425,Yangtze-Qinling,29.72,113.85,M. sinensis
Miscanthus sinensis  'PMS-436',CmN,Entry1,1.722611814,0.286807656,132,6.006157007,1.70E-08,0.05,1.155277922,2.289945707,0.325,3.927353951,5.538574014,2.666851982,PMS-436,Korea/N China,41.32,123.74,M. sinensis
Miscanthus sinensis  'PMS-438',CmN,Entry1,1.728554951,0.214304925,132,8.065866674,0,0.05,1.304638627,2.152471274,0.325,3.942336704,5.113547814,2.967191096,PMS-438,Korea/N China,41.33,123.69,M. sinensis
Miscanthus sinensis  'Zwergelefant',CmN,Entry1,2.788807736,0.214304925,132,13.01326948,2.01E-25,0.05,2.364891413,3.21272406,0.325,7.280659783,9.02431578,5.780022367,UI12-00001,Ornamental,NA,NA,M. sinensis
NC-2010-001 B,CmN,Entry1,2.858151222,0.313561924,132,9.11510935,0,0.05,2.237894744,3.4784077,0.325,7.548757071,10.24947101,5.374952065,NC-2010-001 B,US naturalized,35.534,-82.547,M. sinensis
NC-2010-001-009,CmN,Entry1,2.945329289,0.313529848,132,9.394095353,0,0.05,2.32513626,3.565522319,0.325,7.895160437,10.67437922,5.651079527,NC-2010-001-009,US naturalized,35.534,-82.547,M. sinensis
NC-2010-001-010,CmN,Entry1,3.687954779,0.227479822,132,16.21222815,3.33E-33,0.05,3.237977206,4.137932352,0.325,11.29142303,13.76585082,9.136267234,NC-2010-001-010,US naturalized,35.534,-82.547,M. sinensis
NC-2010-001-B(44)-e,CmN,Entry1,2.368145892,0.227477416,132,10.41046596,0,0.05,1.91817308,2.818118705,0.325,5.790665111,7.393184324,4.44087297,NC-2010-001-B(44)-e,US naturalized,35.534,-82.547,M. sinensis
NC-2010-001.5 C,CmN,Entry1,3.13871037,0.227476536,132,13.7979522,2.28E-27,0.05,2.688739298,3.588681443,0.325,8.701541028,10.78930698,6.90521386,NC-2010-001.5 C,US naturalized,35.55,-82.567,M. sinensis
NC-2010-001.5-B(18)-a,CmN,Entry1,2.683220108,0.313545563,132,8.557672081,0,0.05,2.062995993,3.303444222,0.325,6.884895524,9.430851292,4.849092142,NC-2010-001.5-B(18)-a,US naturalized,35.55,-82.567,M. sinensis
NC-2010-002-001,CmN,Entry1,3.172787509,0.313529848,132,10.11957084,0,0.05,2.55259448,3.792980539,0.325,8.849166385,11.83955556,6.41571015,NC-2010-002-001,US naturalized,35.837,-82.621,M. sinensis
NC-2010-003 D,CmN,Entry1,2.916316396,0.227482328,132,12.81996901,6.09E-25,0.05,2.466333866,3.366298926,0.325,7.778711568,9.719650187,6.118012656,NC-2010-003 D,US naturalized,35.591,-82.571,M. sinensis
NC-2010-003 E,CmN,Entry1,2.824714385,0.313545563,132,9.008943903,0,0.05,2.204490271,3.4449385,0.325,7.418665846,10.08930724,5.271683052,NC-2010-003 E,US naturalized,35.591,-82.571,M. sinensis
NC-2010-004 E,CmN,Entry1,2.546974105,0.313529848,132,8.123545876,0,0.05,1.926781075,3.167167134,0.325,6.396021989,8.824702877,4.464462546,NC-2010-004 E,US naturalized,35.758,-82.541,M. sinensis
PA-2010-001-005,CmN,Entry1,3.382482413,0.214304925,132,15.78350296,3.46E-32,0.05,2.95856609,3.806398737,0.325,9.794962953,11.91085337,7.948677543,PA-2010-001-005,US naturalized,40.078,-75.482,M. sinensis
PA-2010-002 E,CmN,Entry1,2.816898836,0.313529848,132,8.984467835,0,0.05,2.196705806,3.437091865,0.325,7.388478007,10.05200395,5.247811555,PA-2010-002 E,US naturalized,39.954,-75.39,M. sinensis
PA-2010-002-004,CmN,Entry1,3.274008081,0.220277689,132,14.8630944,5.66E-30,0.05,2.83827704,3.709739122,0.325,9.297615628,11.40367692,7.471249493,PA-2010-002-004,US naturalized,39.954,-75.39,M. sinensis
PA-2010-002-013,CmN,Entry1,3.227744335,0.237954264,132,13.56455765,8.61E-27,0.05,2.75704728,3.698441389,0.325,9.090790901,11.34536657,7.160042957,PA-2010-002-013,US naturalized,39.954,-75.39,M. sinensis
PA-2010-002-015,CmN,Entry1,3.598735674,0.313529848,132,11.47812783,0,0.05,2.978542644,4.218928703,0.325,10.83946029,14.24692435,8.029906628,PA-2010-002-015,US naturalized,39.954,-75.39,M. sinensis
PA-2010-002-B(3)-b,CmN,Entry1,3.497096749,0.313545563,132,11.15339257,0,0.05,2.876872635,4.117320864,0.325,10.33964803,13.64520497,7.62226369,PA-2010-002-B(3)-b,US naturalized,39.954,-75.39,M. sinensis
PMS-009,CmN,Entry1,2.783404462,0.214304925,132,12.98805646,2.32E-25,0.05,2.359488139,3.207320786,0.325,7.260043672,9.000483031,5.762381841,PMS-009,Sichuan,30.58,109.71,M. sinensis
PMS-014,CmN,Entry1,3.433285584,0.214304925,132,16.02056316,9.46E-33,0.05,3.00936926,3.857201907,0.325,10.03394228,12.18342269,8.156350988,PMS-014,Sichuan,29.66,109.12,M. sinensis
PMS-038,CmN,Entry1,3.840727623,0.214304925,132,17.92178891,3.61E-37,0.05,3.4168113,4.264643947,0.325,12.09457852,14.52339299,9.956020628,PMS-038,Sichuan,30.58,105.24,M. sinensis
PMS-075,CmN,Entry1,3.788887334,0.214304925,132,17.67988924,1.29E-36,0.05,3.36497101,4.212803657,0.325,11.81786373,14.21015445,9.713487901,PMS-075,M. sacchariflorus 2x,40.13,116.18,M. sacchariflorus
PMS-134,CmN,Entry1,2.729146584,0.214304925,132,12.73487573,9.94E-25,0.05,2.305230261,3.153062908,0.325,7.05520355,8.76351326,5.587251734,PMS-134,Yangtze-Qinling,33.76,105.8,M. sinensis
PMS-144,CmN,Entry1,2.980947367,0.214304925,132,13.90984071,1.21E-27,0.05,2.557031043,3.40486369,0.325,8.039722383,9.899765914,6.431280279,PMS-144,Yangtze-Qinling,34.25,106.93,M. sinensis
PMS-159,CmN,Entry1,2.793797908,0.227479822,132,12.28151965,0,0.05,2.343820335,3.243775481,0.325,7.299734776,9.162103621,5.711435368,PMS-159,Yangtze-Qinling,34.13,111.04,M. sinensis
PMS-178,CmN,Entry1,3.292742363,0.214304925,132,15.36475359,3.48E-31,0.05,2.86882604,3.716658686,0.325,9.382263808,11.43949017,7.590611107,PMS-178,Yangtze-Qinling,34.51,113.04,M. sinensis
PMS-183,CmN,Entry1,3.507429454,0.214304925,132,16.36653688,1.44E-33,0.05,3.083513131,3.931345777,0.325,10.38973377,12.58872923,8.465963406,PMS-183,Yangtze-Qinling,31.75,115.49,M. sinensis
PMS-272,CmN,Entry1,2.816898836,0.313529848,132,8.984467835,0,0.05,2.196705806,3.437091865,0.325,7.388478007,10.05200395,5.247811555,PMS-272,Yangtze-Qinling,28.73,116.44,M. sinensis
PMS-285,CmN,Entry1,3.602086091,0.214304925,132,16.80822825,1.33E-34,0.05,3.178169767,4.026002414,0.325,10.856208,13.11926788,8.872636324,PMS-285,Yangtze-Qinling,29.64,118.16,M. sinensis
PMS-293,CmN,Entry1,4.10875922,0.214304925,132,19.1724909,5.70E-40,0.05,3.684842897,4.532675544,0.325,13.59530136,16.21753921,11.27544876,PMS-293,SE China/tropical,31.35,119.68,M. sinensis
PMS-306,CmN,Entry1,3.489442018,0.214304925,132,16.28260303,2.27E-33,0.05,3.065525694,3.913358341,0.325,10.30264851,12.48957779,8.390134744,PMS-306,Yangtze-Qinling,29.89,119.84,M. sinensis
PMS-314,CmN,Entry1,4.017256063,0.214304925,132,18.74551444,5.04E-39,0.05,3.593339739,4.441172386,0.325,13.0696246,15.62496552,10.81252434,PMS-314,Yangtze-Qinling,26.53,119.63,M. sinensis
PMS-347,CmN,Entry1,3.74387793,0.227482328,132,16.45788471,8.77E-34,0.05,3.2938954,4.193860459,0.325,11.58110423,14.09684007,9.387490567,PMS-347,SE China/tropical,24.17,115.88,M. sinensis
PMS-397,CmN,Entry1,4.533238991,0.214304925,132,21.15321893,3.12E-44,0.05,4.109322668,4.957155315,0.325,16.22123431,19.16555105,13.59858176,PMS-397,SE China/tropical,24.4,109.98,M. sinensis