filename,Effect,DAPC_group,Estimate,StdErr,DF,tValue,Probt,Alpha,Lower,Upper,lambda,BackLSmeans,Backupper.CL,Backlower.CL
Bcirc,DAPC_group,US naturalized,12.76347538,0.325791538,16.79998159,39.17681671,0,0.05,12.0754914,13.45145937,0.375,107.9120257,121.2240643,95.55341567
Bcirc,DAPC_group,Ornamental,13.98658664,0.250402251,5.87506013,55.85647327,3.00E-09,0.05,13.37070199,14.6024713,0.375,132.2556646,145.7041108,119.6111542
Bcirc,DAPC_group,Korea/N China,14.3109041,0.684696526,210.9868175,20.90109057,2.67E-53,0.05,12.96118145,15.66062675,0.375,139.2359917,170.7440591,111.6386387
Bcirc,DAPC_group,Yangtze-Qinling,15.79994203,0.29005431,10.62584237,54.4723574,0,0.05,15.15878341,16.44110065,0.375,174.2271256,190.8284977,158.5591803
Bcirc,DAPC_group,M. sacchariflorus 2x,16.19342038,0.495290133,82.44662298,32.69481727,5.69E-49,0.05,15.20821043,17.17863033,0.375,184.3033495,211.107496,159.7343133
Bcirc,DAPC_group,Sichuan,18.19404197,0.336266941,19.13475073,54.10594906,0,0.05,17.49056249,18.89752146,0.375,241.1538502,263.4541307,220.0724114
Bcirc,DAPC_group,SE China/tropical,19.59019102,0.302889393,12.62710228,64.67770578,0,0.05,18.93386849,20.24651356,0.375,286.6291204,309.7260283,264.6399523
Bcirc,DAPC_group,M. xgiganteus 2x,20.466105,0.708042637,259.8202648,28.90518727,3.76E-83,0.05,19.07187249,21.86033751,0.375,317.7048444,371.3659323,269.172691
Bcirc,DAPC_group,M. xgiganteus 3x,25.76498779,0.880087171,405.0389404,29.27549525,5.23E-102,0.05,24.03487888,27.49509671,0.375,550.66702,644.6163596,465.7795827
CCirc,DAPC_group,Korea/N China,1.286145816,0.278688768,222.0638246,4.614989788,6.65E-06,0.05,0.736932666,1.835358966,0,3.618812075,6.267383519,2.08951643
CCirc,DAPC_group,M. sacchariflorus 2x,2.212492936,0.189011139,151.7706658,11.70562193,0,0.05,1.839060248,2.585925624,0,9.13846964,13.27557159,6.290623856
CCirc,DAPC_group,Ornamental,2.637048593,0.069131148,5.685942389,38.14559239,4.50E-08,0.05,2.46559991,2.808497276,0,13.97190591,16.58497684,11.7705413
CCirc,DAPC_group,US naturalized,2.818907678,0.110396661,34.36749416,25.53435628,6.24E-24,0.05,2.594643002,3.043172354,0,16.75853495,20.97166737,13.39180566
CCirc,DAPC_group,Yangtze-Qinling,3.252125372,0.095842295,20.56431135,33.93204804,0,0.05,3.052552967,3.451697776,0,25.84521227,31.55391834,21.16932007
CCirc,DAPC_group,M. xgiganteus 3x,3.842865826,0.278688768,222.0638246,13.78909476,1.17E-31,0.05,3.293652675,4.392078976,0,46.65899959,80.80824287,26.9410912
CCirc,DAPC_group,Sichuan,4.167260764,0.114955388,40.45514106,36.2511129,1.81E-32,0.05,3.935008653,4.399512875,0,64.53842378,81.41120157,51.16259266
CCirc,DAPC_group,M. xgiganteus 2x,4.210674668,0.321036201,231.311733,13.11588743,9.43E-30,0.05,3.578145814,4.843203522,0,67.40199845,126.8751487,35.80708626
CCirc,DAPC_group,SE China/tropical,4.250859238,0.103848784,27.72276214,40.93316319,2.45E-26,0.05,4.038038766,4.46367971,0,70.16567547,86.8063443,56.71500227
CmD_BI,DAPC_group,Korea/N China,0.520661684,0.093411595,64.50044109,5.573844244,5.25E-07,0.05,0.33407845,0.707244917,0.2,1.640988911,1.937682104,1.381805675
CmD_BI,DAPC_group,M. sacchariflorus 2x,1.048667365,0.062699612,19.1051428,16.72526089,0,0.05,0.917484434,1.179850296,0.2,2.590887097,2.884295494,2.321857698
CmD_BI,DAPC_group,Ornamental,1.087610015,0.0276023,1,39.40286952,0.0161532,0.05,0.736889479,1.438330552,0.2,2.675371477,3.540106513,1.988531133
CmD_BI,DAPC_group,US naturalized,1.207052967,0.0398628,3.053526374,30.28017607,6.92E-05,0.05,1.081440525,1.332665409,0.2,2.948337765,3.258987466,2.661842147
CmD_BI,DAPC_group,M. xgiganteus 2x,1.277369358,0.096276106,102.9657054,13.26777136,5.07E-24,0.05,1.086427654,1.468311063,0.2,3.119165323,3.623301416,2.672774377
CmD_BI,DAPC_group,Yangtze-Qinling,1.433012336,0.0340948,1.627363215,42.03026918,0.00182959,0.05,1.248917569,1.617107102,0.2,3.525509582,4.059670618,3.049116074
CmD_BI,DAPC_group,Sichuan,1.66789725,0.0418259,3.736735063,39.87710664,4.72E-06,0.05,1.548470929,1.787323572,0.2,4.217882457,4.609382486,3.853447954
CmD_BI,DAPC_group,SE China/tropical,1.782535635,0.0353054,1.88430036,50.48906062,0.000573542,0.05,1.621330879,1.94374039,0.2,4.593147575,5.165559335,4.072643846
CmD_BI,DAPC_group,M. xgiganteus 3x,1.956405023,0.096276106,102.9657054,20.32077439,8.14E-38,0.05,1.765463319,2.147346727,0.2,5.212838598,5.968624157,4.535630812
CmD_LI,DAPC_group,Korea/N China,-0.065110823,0.170600561,4.881155759,-0.38165656,0.718764036,0.05,-0.506884602,0.376662955,0.6,0.93574079,1.40437407,0.546444507
CmD_LI,DAPC_group,M. sacchariflorus 2x,0.293484773,0.142583055,2.385870876,2.05834257,0.154784782,0.05,-0.234074591,0.821044137,0.6,1.310392686,1.949479044,0.777063169
CmD_LI,DAPC_group,Ornamental,0.527636646,0.119644176,1.183023713,4.410048742,0.112471715,0.05,-0.535399255,1.590672547,0.6,1.581538791,3.055088039,0.52423685
CmD_LI,DAPC_group,M. xgiganteus 2x,0.632003405,0.174438314,5.336510502,3.623076776,0.0135488,0.05,0.191968151,1.072038659,0.6,1.708886241,2.288201475,1.199247619
CmD_LI,DAPC_group,US naturalized,0.70286428,0.126105051,1.459962783,5.573640992,0.0588603,0.05,-0.085704107,1.491432667,0.6,1.797584822,2.901538877,0.915773473
CmD_LI,DAPC_group,M. xgiganteus 3x,1.035734148,0.174438314,5.336510502,5.937538166,0.00154476,0.05,0.595698893,1.475769402,0.6,2.237870867,2.877593887,1.664140737
CmD_LI,DAPC_group,Yangtze-Qinling,1.104977545,0.122852999,1.315800737,8.994306645,0.0384771,0.05,0.201981702,2.007973388,0.6,2.334252779,3.734880909,1.210035358
CmD_LI,DAPC_group,SE China/tropical,1.172091341,0.123554906,1.346270277,9.486400655,0.0339056,0.05,0.297359577,2.046823104,0.6,2.429215468,3.800923574,1.314712811
CmD_LI,DAPC_group,Sichuan,1.403630004,0.12730438,1.517285305,11.02577939,0.0197894,0.05,0.649784438,2.157475571,0.6,2.768339313,3.991555261,1.730974407
CmDW,DAPC_group,Korea/N China,-0.639478901,0.214685444,66.75010367,-2.978678432,0.00403304,0.05,-1.068022332,-0.210935471,0.15,0.510551867,0.807070215,0.312244109
CmDW,DAPC_group,M. sacchariflorus 2x,0.2361863,0.161038515,27.18274318,1.466644795,0.153947296,0.05,-0.094133531,0.566506132,0.15,1.261244289,1.722399919,0.909550791
CmDW,DAPC_group,Ornamental,0.61570612,0.115182398,7.172261311,5.345487958,0.00098798,0.05,0.344663523,0.886748716,0.15,1.80202622,2.299133465,1.399408566
CmDW,DAPC_group,US naturalized,0.901806888,0.130096782,11.67296569,6.931815513,1.82E-05,0.05,0.617467064,1.186146713,0.15,2.32986297,2.97927257,1.804933187
CmDW,DAPC_group,M. xgiganteus 2x,1.516309663,0.217386043,85.21024134,6.975193251,1.00E-09,0.05,1.084103364,1.948515962,0.15,3.920580359,5.525500834,2.730490916
CmDW,DAPC_group,Yangtze-Qinling,1.721876972,0.122163117,9.086592076,14.09490046,1.75E-07,0.05,1.445925727,1.997828218,0.15,4.625785758,5.739799535,3.701173411
CmDW,DAPC_group,SE China/tropical,2.243783917,0.125140766,10.00610677,17.93007981,6.00E-09,0.05,1.964975979,2.522591854,0.15,6.917346017,8.494637649,5.596262455
CmDW,DAPC_group,Sichuan,2.370950447,0.131625005,12.2376035,18.01291825,0,0.05,2.084780547,2.657120346,0.15,7.602702232,9.358883078,6.134901265
CmDW,DAPC_group,M. xgiganteus 3x,2.580862371,0.217386043,85.21024134,11.87225422,0,0.05,2.148656072,3.01306867,0.15,8.860259023,12.01429469,6.439663485
Cml,DAPC_group,Korea/N China,51.1884664,8.391799495,39.6805599,6.09982,3.53E-07,0.05,34.22375276,68.15318003,0.975,56.30622139,75.14059646,37.63092471
Cml,DAPC_group,M. sacchariflorus 2x,76.36440588,6.544370236,18.25141802,11.66871725,1.00E-09,0.05,62.62875767,90.10005409,0.975,84.30156091,99.68062178,68.99269561
Cml,DAPC_group,Ornamental,96.63735092,5.124467497,6.867889098,18.85802788,3.60E-07,0.05,84.47249847,108.8022034,0.975,107.0215967,120.7149623,93.37200775
Cml,DAPC_group,US naturalized,102.6031293,5.53411871,9.348470001,18.54010272,1.10E-08,0.05,90.15485809,115.0514005,0.975,113.7318257,127.7648023,99.74210844
Cml,DAPC_group,M. xgiganteus 2x,123.4761909,8.403620773,48.69122181,14.69321312,0,0.05,106.5857734,140.3666085,0.975,137.2843019,156.4182435,118.2170055
Cml,DAPC_group,SE China/tropical,125.8072666,5.373861336,8.313475263,23.41096258,7.00E-09,0.05,113.4959855,138.1185478,0.975,139.9212434,153.868032,126.0091777
Cml,DAPC_group,Yangtze-Qinling,128.3696158,5.329368984,8.040107246,24.08720736,9.00E-09,0.05,116.0907317,140.6484999,0.975,142.8212377,156.7380964,128.9382505
Cml,DAPC_group,Sichuan,147.5818516,5.621275119,9.956909228,26.25415916,0,0.05,135.0495189,160.1141844,0.975,164.6101994,178.8630027,150.3882184
Cml,DAPC_group,M. xgiganteus 3x,151.2020962,8.403620773,48.69122181,17.99249399,0,0.05,134.3116787,168.0925137,0.975,168.7243851,187.951587,149.5519178
CmN,DAPC_group,Korea/N China,1.74117323,0.178338305,8.812260705,9.763316011,5.09E-06,0.05,1.336429996,2.145916465,0.325,3.974275432,5.093851626,3.033934901
CmN,DAPC_group,Ornamental,2.881058859,0.121741281,1.971189708,23.6654225,0.00191477,0.05,2.349843031,3.412274687,0.325,7.638766056,9.934634876,5.730983038
CmN,DAPC_group,US naturalized,3.007524021,0.128501082,2.446518613,23.40465914,0.000613456,0.05,2.540912463,3.474135579,0.325,8.14874465,10.22893231,6.374833825
CmN,DAPC_group,Yangtze-Qinling,3.233337022,0.125095811,2.199799854,25.8468848,0.000893685,0.05,2.739330598,3.727343446,0.325,9.115626615,11.49493977,7.093349969
CmN,DAPC_group,M. sacchariflorus 2x,3.459164225,0.146106146,4.086833337,23.67569274,1.58E-05,0.05,3.05688519,3.86144326,0.325,10.15717511,12.20636697,8.353873011
CmN,DAPC_group,Sichuan,3.657172776,0.129754455,2.546734271,28.1853349,0.000302013,0.05,3.199378734,4.114966819,0.325,11.13407962,13.63147154,8.965529419
CmN,DAPC_group,SE China/tropical,4.073879715,0.126060644,2.268992629,32.31682459,0.00045234,0.05,3.588675287,4.559084143,0.325,13.39327087,16.3913391,10.78927632
CmN,DAPC_group,M. xgiganteus 2x,4.089102036,0.178909665,9.160680393,22.85567996,2.00E-09,0.05,3.685459802,4.492744269,0.325,13.48119116,15.95711316,11.27861432
CmN,DAPC_group,M. xgiganteus 3x,4.316281629,0.178909665,9.160680393,24.12548052,1.00E-09,0.05,3.912639395,4.719923862,0.325,14.84000783,17.4770782,12.48562576
Yld,DAPC_group,Korea/N China,2.155323129,0.392317646,81.5190313,5.49382153,4.37E-07,0.05,1.374809409,2.935836848,0.025,8.160133259,16.99799226,3.864030948
Yld,DAPC_group,M. sacchariflorus 2x,3.566831507,0.281187375,31.07823955,12.68489208,0,0.05,2.993404585,4.140258428,0.025,30.46768029,51.40379782,17.93386317
Yld,DAPC_group,Ornamental,3.994800793,0.176514667,4.852720865,22.63155163,4.16E-06,0.05,3.536881916,4.452719671,0.025,45.04582753,68.16066486,29.64102542
Yld,DAPC_group,US naturalized,4.044554009,0.208865644,9.539585559,19.3643815,6.00E-09,0.05,3.576109758,4.512998261,0.025,47.12908582,71.95720205,30.72830416
Yld,DAPC_group,Yangtze-Qinling,5.586466059,0.194500522,7.177222367,28.72211339,1.10E-08,0.05,5.128837594,6.044094525,0.025,186.6540411,278.3285901,124.6712287
Yld,DAPC_group,M. xgiganteus 3x,6.652809559,0.396741756,112.9866184,16.7686145,1.95E-32,0.05,5.866791577,7.438827541,0.025,470.6656213,918.244255,238.5255046
Yld,DAPC_group,M. xgiganteus 2x,6.975734116,0.420392951,134.4744578,16.59336603,2.41E-34,0.05,6.144296837,7.807171395,0.025,620.2165893,1251.187191,303.6138959
Yld,DAPC_group,Sichuan,7.261100639,0.219876046,11.65127336,33.02360937,0,0.05,6.780436754,7.741764525,0.025,790.2301686,1184.51074,525.0144225
Yld,DAPC_group,SE China/tropical,7.283378764,0.201193096,8.215597507,36.20093776,0,0.05,6.821537397,7.74522013,0.025,805.2680244,1187.945036,543.784892