,Individual,DAPC.group,Latitude,Longitude,Korea.N.China,Yangtze.Qinling,Central.Japan,North.Japan,SE.China,South.Japan,Msa,Sichuan
1,DK96-004,N Japan,42.1,140.6,0,0,0.1,0.8,0,0,0,0
2,DK96-005,N Japan,42,140.7,0,0,0.1,0.9,0,0,0,0
3,DK96-007,N Japan,42.8,141.7,0,0,0,1,0,0,0,0
4,DK96-010,N Japan,43.9,141.7,0,0,0,1,0,0,0,0
5,DK96-011,N Japan,43,140.5,0,0,0.1,0.9,0,0.1,0,0
6,DK96-013,N Japan,43.5,144.5,0,0,0,0.9,0,0,0,0
7,DK96-032,N Japan,42.9,143.2,0.1,0,0,0.9,0,0,0,0
8,DK96-044,Msa,43.1,141.3,0,0,0,0,0,0,1,0
9,DK96-057,N Japan,36.6,136.7,0,0,0,0.9,0,0.1,0,0
10,DK96-063,Central Japan,36.1,136.7,0,0,0.7,0.1,0,0.2,0,0
11,DK96-065,Central Japan,36.2,136.8,0,0,0.8,0,0,0.2,0,0
12,DK96-089,Central Japan,36.3,136.9,0,0,0.8,0,0,0.2,0,0
13,DK96-110,Central Japan,36.3,136.9,0,0,0.7,0.1,0,0.2,0,0
14,EBI-2008-01a,N Japan,42.6,141.5,0,0,0.1,0.9,0,0,0,0
15,EBI-2008-01b,N Japan,42.6,141.5,0,0,0,0.9,0,0,0,0
16,EBI-2008-01c,N Japan,42.6,141.5,0,0,0,1,0,0,0,0
17,EBI-2008-01e,N Japan,42.6,141.5,0,0,0.1,0.9,0,0,0,0
18,EBI-2008-02a,N Japan,42.6,141.4,0,0,0,1,0,0,0,0
19,EBI-2008-02c,N Japan,42.6,141.4,0,0,0,1,0,0,0,0
20,EBI-2008-02d,N Japan,42.6,141.4,0,0,0,1,0,0,0,0
21,EBI-2008-02e,N Japan,42.6,141.4,0,0,0,1,0,0,0,0
22,EBI-2008-03a,N Japan,42.5,141.3,0,0,0,1,0,0,0,0
23,EBI-2008-03b,N Japan,42.5,141.3,0,0,0,1,0,0,0,0
24,EBI-2008-03c,N Japan,42.5,141.3,0,0,0,1,0,0,0,0
25,EBI-2008-03d,N Japan,42.5,141.3,0,0,0,1,0,0,0,0
26,EBI-2008-03e,N Japan,42.5,141.3,0,0,0,1,0,0,0,0
27,EBI-2008-04a,N Japan,42.5,141.2,0,0,0,1,0,0,0,0
28,EBI-2008-04b,N Japan,42.5,141.2,0,0,0,1,0,0,0,0
29,EBI-2008-04d,N Japan,42.5,141.2,0,0,0,1,0,0,0,0
30,EBI-2008-05a,N Japan,42.5,141.2,0,0,0,1,0,0,0,0
31,EBI-2008-05b,N Japan,42.5,141.2,0,0,0,1,0,0,0,0
32,EBI-2008-05c,N Japan,42.5,141.2,0,0,0,1,0,0,0,0
33,EBI-2008-05d,N Japan,42.5,141.2,0,0,0,1,0,0,0,0
34,EBI-2008-05e,N Japan,42.5,141.2,0,0,0,1,0,0,0,0
35,EBI-2008-06a,N Japan,42.5,141.2,0,0,0,1,0,0,0,0
36,EBI-2008-07b,N Japan,42.5,141.2,0,0,0,1,0,0,0,0
37,EBI-2008-07d,N Japan,42.5,141.2,0,0,0,1,0,0,0,0
38,EBI-2008-07e,N Japan,42.5,141.2,0,0,0,1,0,0,0,0
39,EBI-2008-08a,N Japan,42.3,141,0,0,0,1,0,0,0,0
40,EBI-2008-08b,N Japan,42.3,141,0,0,0,1,0,0,0,0
41,EBI-2008-09a,N Japan,42.5,140.8,0,0,0,1,0,0,0,0
42,EBI-2008-09b,N Japan,42.5,140.8,0,0,0,1,0,0,0,0
43,EBI-2008-09c,N Japan,42.5,140.8,0,0,0.1,0.9,0,0,0,0
44,EBI-2008-09d,N Japan,42.5,140.8,0,0,0.1,0.9,0,0,0,0
45,EBI-2008-10a,N Japan,42.5,140.8,0,0,0,1,0,0,0,0
46,EBI-2008-10c,N Japan,42.5,140.8,0,0,0,1,0,0,0,0
47,EBI-2008-10d,N Japan,42.5,140.8,0,0,0,1,0,0,0,0
48,EBI-2008-10e,N Japan,42.5,140.8,0,0,0,1,0,0,0,0
49,EBI-2008-11b,N Japan,42.5,140.8,0,0,0,1,0,0,0,0
50,EBI-2008-11c,N Japan,42.5,140.8,0,0,0,1,0,0,0,0
51,EBI-2008-11e,N Japan,42.5,140.8,0,0,0,1,0,0,0,0
52,EBI-2008-12a,N Japan,42.5,140.8,0,0,0,1,0,0,0,0
53,EBI-2008-12c,N Japan,42.5,140.8,0,0,0,1,0,0,0,0
54,EBI-2008-12d,N Japan,42.5,140.8,0,0,0,1,0,0,0,0
55,EBI-2008-12e,N Japan,42.5,140.8,0,0,0,1,0,0,0,0
56,EBI-2008-13a,N Japan,42.5,140.8,0,0,0,1,0,0,0,0
57,EBI-2008-13c,N Japan,42.5,140.8,0,0,0,0.9,0,0,0,0
58,EBI-2008-14b,N Japan,42.5,140.8,0,0,0.1,0.9,0,0,0,0
59,EBI-2008-14d,N Japan,42.5,140.8,0,0,0.1,0.9,0,0,0,0
60,EBI-2008-15b,N Japan,42.6,140.5,0,0,0,1,0,0,0,0
61,EBI-2008-16a,N Japan,42.6,140.5,0,0,0.1,0.9,0,0,0,0
62,EBI-2008-16b,N Japan,42.6,140.5,0,0,0,1,0,0,0,0
63,EBI-2008-16c,N Japan,42.6,140.5,0,0,0,1,0,0,0,0
64,EBI-2008-17a,N Japan,42.4,140.3,0,0,0.1,0.9,0,0,0,0
65,EBI-2008-17c,N Japan,42.4,140.3,0,0,0.1,0.9,0,0,0,0
66,EBI-2008-17d,N Japan,42.4,140.3,0,0,0,1,0,0,0,0
67,EBI-2008-18a,N Japan,42.5,140.9,0,0,0.1,0.9,0,0,0,0
68,EBI-2008-18b,N Japan,42.5,140.9,0,0,0,0.9,0,0,0,0
69,EBI-2008-19b,N Japan,42.5,140.9,0,0,0,0.9,0,0,0,0
70,EBI-2008-19c,N Japan,42.5,140.9,0,0,0,1,0,0,0,0
71,EBI-2008-19d,N Japan,42.5,140.9,0,0,0,1,0,0,0,0
72,EBI-2008-20a,N Japan,42.5,140.9,0,0,0.1,0.9,0,0,0,0
73,EBI-2008-20b,N Japan,42.5,140.9,0,0,0,1,0,0,0,0
74,EBI-2008-21a,N Japan,42.5,140.9,0,0,0.1,0.9,0,0,0,0
75,EBI-2008-23b,N Japan,42.5,140.9,0,0,0,1,0,0,0,0
76,EBI-2008-23c,N Japan,42.5,140.9,0,0,0,1,0,0,0,0
77,EBI-2008-24a,N Japan,42.8,140.8,0,0,0,0.9,0,0,0,0
78,EBI-2008-24b,N Japan,42.8,140.8,0,0,0.1,0.9,0,0,0,0
79,EBI-2008-24c,N Japan,42.8,140.8,0,0,0,0.9,0,0,0,0
80,EBI-2008-24d,N Japan,42.8,140.8,0,0,0.1,0.9,0,0,0,0
81,EBI-2008-25b,N Japan,42.9,140.7,0,0,0,1,0,0,0,0
82,EBI-2008-25c,N Japan,42.9,140.7,0,0,0,1,0,0,0,0
83,EBI-2008-25d,N Japan,42.9,140.7,0,0,0,1,0,0,0,0
84,EBI-2008-26c,N Japan,42.9,140.6,0,0,0,1,0,0,0,0
85,EBI-2008-26d,N Japan,42.9,140.6,0,0,0,1,0,0,0,0
86,EBI-2008-26e,N Japan,42.9,140.6,0,0,0,1,0,0,0,0
87,EBI-2008-27b,N Japan,42.9,140.6,0,0,0,0.9,0,0,0,0
88,EBI-2008-27c,N Japan,42.9,140.6,0,0,0,1,0,0,0,0
89,EBI-2008-27d,N Japan,42.9,140.6,0,0,0,0.9,0,0,0,0
90,EBI-2008-27e,N Japan,42.9,140.6,0,0,0,1,0,0,0,0
91,EBI-2008-28a,N Japan,43,140.5,0,0,0,1,0,0,0,0
92,EBI-2008-28b,N Japan,43,140.5,0,0,0,1,0,0,0,0
93,EBI-2008-28c,N Japan,43,140.5,0,0,0,1,0,0,0,0
94,EBI-2008-28d,N Japan,43,140.5,0,0,0,1,0,0,0,0
95,EBI-2008-28e,N Japan,43,140.5,0,0,0,1,0,0,0,0
96,EBI-2008-29a,N Japan,43.1,140.7,0,0,0,1,0,0,0,0
97,EBI-2008-29b,N Japan,43.1,140.7,0,0,0,1,0,0,0,0
98,EBI-2008-30b,N Japan,43.2,141.4,0,0,0,1,0,0,0,0
99,EBI-2008-31a,N Japan,43.3,141.4,0,0,0,1,0,0,0,0
100,EBI-2008-31b,N Japan,43.3,141.4,0,0,0,1,0,0,0,0
101,EBI-2008-31c,N Japan,43.3,141.4,0,0,0,1,0,0,0,0
102,EBI-2008-31d,N Japan,43.3,141.4,0,0,0,1,0,0,0,0
103,EBI-2008-33a,N Japan,43.4,141.6,0,0,0,1,0,0,0,0
104,EBI-2008-33c,N Japan,43.4,141.6,0,0,0,1,0,0,0,0
105,EBI-2008-33d,N Japan,43.4,141.6,0,0,0,1,0,0,0,0
106,EBI-2008-33e,N Japan,43.4,141.6,0,0,0,1,0,0,0,0
107,EBI-2008-34a,N Japan,43.3,141.8,0,0,0,1,0,0,0,0
108,EBI-2008-34b,N Japan,43.3,141.8,0,0,0,1,0,0,0,0
109,EBI-2008-34c,N Japan,43.3,141.8,0,0,0,1,0,0,0,0
110,EBI-2008-34d,N Japan,43.3,141.8,0,0,0,1,0,0,0,0
111,EBI-2008-35a,N Japan,43.3,141.8,0,0,0,1,0,0,0,0
112,EBI-2008-36b,N Japan,43.6,141.7,0,0,0,1,0,0,0,0
113,EBI-2008-36c,N Japan,43.6,141.7,0,0,0,1,0,0,0,0
114,EBI-2008-37a,N Japan,43.6,141.5,0,0,0,1,0,0,0,0
115,EBI-2008-37b,N Japan,43.6,141.5,0,0,0,1,0,0,0,0
116,EBI-2008-37d,N Japan,43.6,141.5,0,0,0,1,0,0,0,0
117,EBI-2008-37e,N Japan,43.6,141.5,0,0,0.2,0.8,0,0,0.1,0
118,EBI-2008-39b,N Japan,43.6,141.3,0,0,0,1,0,0,0,0
119,EBI-2008-39c,N Japan,43.6,141.3,0,0,0,1,0,0,0,0
120,EBI-2008-39d,N Japan,43.6,141.3,0,0,0,1,0,0,0,0
121,EBI-2008-39e,N Japan,43.6,141.3,0,0,0,1,0,0,0,0
122,EBI-2008-40b,N Japan,43.9,141.5,0,0,0,1,0,0,0,0
123,EBI-2008-41a,N Japan,43.8,142.5,0,0,0,1,0,0,0,0
124,EBI-2008-41c,N Japan,43.8,142.5,0,0,0,1,0,0,0,0
125,EBI-2008-41d,N Japan,43.8,142.5,0,0,0,1,0,0,0,0
126,EBI-2008-42a,N Japan,43.6,142.6,0,0,0,1,0,0,0,0
127,EBI-2008-42b,N Japan,43.6,142.6,0,0,0,1,0,0,0,0
128,EBI-2008-43a,N Japan,43.6,142.7,0,0,0,1,0,0,0,0
129,EBI-2008-43b,N Japan,43.6,142.7,0,0,0,1,0,0,0,0
130,EBI-2008-43c,N Japan,43.6,142.7,0,0,0,1,0,0,0,0
131,EBI-2008-43d,N Japan,43.6,142.7,0,0,0,1,0,0,0,0
132,EBI-2008-45b,N Japan,43.6,142.7,0,0,0,1,0,0,0,0
133,EBI-2008-45c,N Japan,43.6,142.7,0,0,0,1,0,0,0,0
134,EBI-2008-45d,N Japan,43.6,142.7,0,0,0,1,0,0,0,0
135,EBI-2008-45e,N Japan,43.6,142.7,0,0,0,1,0,0,0,0
136,EBI-2008-46c,N Japan,43.6,142.8,0,0,0,0.9,0,0,0.1,0
137,EBI-2008-46d,N Japan,43.6,142.8,0,0,0,1,0,0,0,0
138,EBI-2008-46e,N Japan,43.6,142.8,0,0,0,0.9,0,0,0,0
139,EBI-2008-47a,N Japan,43.7,142.4,0,0,0,1,0,0,0,0
140,EBI-2008-47b,N Japan,43.7,142.4,0,0,0,1,0,0,0,0
141,EBI-2008-47c,N Japan,43.7,142.4,0,0,0,1,0,0,0,0
142,EBI-2008-47d,N Japan,43.7,142.4,0,0,0,1,0,0,0,0
143,EBI-2008-47e,N Japan,43.7,142.4,0,0,0,1,0,0,0,0
144,EBI-2008-48a,N Japan,43.6,142.4,0,0,0,1,0,0,0,0
145,EBI-2008-48b,N Japan,43.6,142.4,0,0,0,1,0,0,0,0
146,EBI-2008-48c,N Japan,43.6,142.4,0,0,0,1,0,0,0,0
147,EBI-2008-48d,N Japan,43.6,142.4,0,0,0,1,0,0,0,0
148,EBI-2008-48e,N Japan,43.6,142.4,0,0,0,1,0,0,0,0
149,EBI-2008-50a,N Japan,43.5,142.6,0,0,0,1,0,0,0,0
150,EBI-2008-50b,N Japan,43.5,142.6,0,0,0,1,0,0,0,0
151,EBI-2008-50c,N Japan,43.5,142.6,0,0,0,1,0,0,0,0
152,EBI-2008-50d,N Japan,43.5,142.6,0,0,0,1,0,0,0,0
153,EBI-2008-50e,N Japan,43.5,142.6,0,0,0,1,0,0,0,0
154,EBI-2008-51e,N Japan,43.5,142.7,0,0,0,1,0,0,0,0
155,EBI-2008-52b,N Japan,43.2,142.5,0,0,0,1,0,0,0,0
156,EBI-2008-52c,N Japan,43.2,142.5,0,0,0,1,0,0,0,0
157,EBI-2008-52d,N Japan,43.2,142.5,0,0,0,1,0,0,0,0
158,EBI-2008-52e,N Japan,43.2,142.5,0,0,0,1,0,0,0,0
159,EBI-2008-54a,N Japan,42.6,143.1,0,0,0,1,0,0,0,0
160,EBI-2008-54b,N Japan,42.6,143.1,0,0,0,1,0,0,0,0
161,EBI-2008-54c,N Japan,42.6,143.1,0,0,0,1,0,0,0,0
162,EBI-2008-54d,N Japan,42.6,143.1,0,0,0,1,0,0,0,0
163,EBI-2008-54e,N Japan,42.6,143.1,0,0,0,1,0,0,0,0
164,EBI-2008-55a,N Japan,43.2,143.1,0,0,0,1,0,0,0,0
165,EBI-2008-55b,N Japan,43.2,143.1,0,0,0,1,0,0,0,0
166,EBI-2008-55c,N Japan,43.2,143.1,0,0,0,1,0,0,0,0
167,EBI-2008-55d,N Japan,43.2,143.1,0,0,0,1,0,0,0,0
168,EBI-2008-55e,N Japan,43.2,143.1,0,0,0,1,0,0,0,0
169,EBI-2008-56a,Msa,43.2,143.6,0,0,0,0,0,0,1,0
170,EBI-2008-56c,Msa,43.2,143.6,0,0,0,0,0,0,1,0
171,EBI-2008-56e,Msa,43.2,143.6,0,0,0,0,0,0,1,0
172,EBI-2008-58b,N Japan,42.5,143.4,0,0,0,1,0,0,0,0
173,EBI-2008-58c,N Japan,42.5,143.4,0,0,0,1,0,0,0,0
174,EBI-2008-58d,N Japan,42.5,143.4,0,0,0,0.9,0,0,0,0
175,EBI-2008-58e,N Japan,42.5,143.4,0,0,0,1,0,0,0,0
176,EBI-2008-59d,N Japan,42.4,143.3,0,0,0,1,0,0,0,0
177,EBI-2008-59e,N Japan,42.4,143.3,0,0,0,1,0,0,0,0
178,EBI-2008-61a,N Japan,42,143.3,0,0,0.1,0.9,0,0,0,0
179,EBI-2008-61b,N Japan,42,143.3,0,0,0.1,0.9,0,0,0,0
180,EBI-2008-61c,N Japan,42,143.3,0,0,0,1,0,0,0,0
181,EBI-2008-61d,N Japan,42,143.3,0,0,0,1,0,0,0,0
182,EBI-2008-62a,N Japan,42,143.3,0,0,0.1,0.9,0,0,0,0
183,EBI-2008-62b,N Japan,42,143.3,0,0,0.1,0.9,0,0,0,0
184,EBI-2008-62c,N Japan,42,143.3,0,0,0.1,0.9,0,0,0,0
185,EBI-2008-62d,N Japan,42,143.3,0,0,0,1,0,0,0,0
186,EBI-2008-62e,N Japan,42,143.3,0,0,0.1,0.9,0,0,0,0
187,EBI-2008-64a,N Japan,41.9,143.2,0,0,0.1,0.9,0,0,0,0
188,EBI-2008-65a,N Japan,42,143.1,0,0,0.1,0.9,0,0,0,0
189,EBI-2008-66a,N Japan,42.1,142.9,0,0,0,0.9,0,0,0,0
190,EBI-2008-66b,N Japan,42.1,142.9,0,0,0,1,0,0,0,0
191,EBI-2008-66d,N Japan,42.1,142.9,0,0,0,0.9,0,0,0,0
192,EBI-2008-66e,S Japan,42.1,142.9,0,0,0.1,0,0,0.9,0,0
193,EBI-2008-67a,S Japan,33.5,130.5,0,0,0.1,0,0,0.9,0,0
194,EBI-2008-67b,S Japan,33.5,130.5,0,0,0.1,0,0,0.8,0,0
195,EBI-2008-67c,S Japan,33.5,130.5,0,0,0.1,0,0,0.9,0,0
196,EBI-2008-67d,S Japan,33.5,130.5,0,0,0.1,0,0,0.9,0,0
197,EBI-2008-67e,S Japan,33.5,130.5,0,0,0.1,0,0,0.9,0,0
198,EBI-2008-68a,S Japan,33.5,130.5,0,0,0.1,0,0,0.9,0,0
199,EBI-2008-68b,S Japan,33.5,130.5,0,0,0.1,0,0,0.9,0,0
200,EBI-2008-68c,S Japan,33.5,130.5,0,0,0.1,0,0,0.9,0,0
201,EBI-2008-68d,S Japan,33.5,130.5,0,0,0.1,0,0,0.9,0,0
202,EBI-2008-68e,S Japan,33.5,130.5,0,0,0.1,0,0,0.9,0,0
203,EBI-2008-69a,S Japan,33,131.1,0,0,0.1,0,0,0.9,0,0
204,EBI-2008-69c,S Japan,33,131.1,0,0,0,0,0,1,0,0
205,EBI-2008-69d,S Japan,33,131.1,0,0,0,0,0,0.9,0,0
206,EBI-2008-69e,S Japan,33,131.1,0,0,0.1,0,0,0.9,0,0
207,EBI-2008-70a,S Japan,32.7,131.3,0,0,0.1,0,0,0.9,0,0
208,EBI-2008-70b,S Japan,32.7,131.3,0,0,0,0,0,1,0,0
209,EBI-2008-70c,S Japan,32.7,131.3,0,0,0,0,0,1,0,0
210,EBI-2008-70d,S Japan,32.7,131.3,0.2,0.2,0,0,0.1,0.5,0,0
211,EBI-2008-70e,S Japan,32.7,131.3,0,0,0.1,0,0,0.9,0,0
212,EBI-2008-71a,S Japan,32.7,131,0,0,0.1,0,0,0.8,0,0
213,EBI-2008-71b,S Japan,32.7,131,0,0,0.1,0,0,0.9,0,0
214,EBI-2008-71c,S Japan,32.7,131,0,0,0.1,0,0,0.9,0,0
215,EBI-2008-71d,S Japan,32.7,131,0,0,0.1,0,0,0.9,0,0
216,EBI-2008-71e,S Japan,32.7,131,0,0,0.1,0,0,0.9,0,0
217,EBI-2008-72a,S Japan,32.6,130.8,0,0,0.1,0,0,0.9,0,0
218,EBI-2008-72b,S Japan,32.6,130.8,0,0,0.1,0,0,0.9,0,0
219,EBI-2008-72c,S Japan,32.6,130.8,0,0,0.1,0,0,0.9,0,0
220,EBI-2008-72d,S Japan,32.6,130.8,0,0,0.1,0,0,0.9,0,0
221,EBI-2008-72e,S Japan,32.6,130.8,0,0,0.1,0,0,0.9,0,0
222,EBI-2009-01a,N Japan,43.5,143.6,0,0,0,1,0,0,0,0
223,EBI-2009-01b,N Japan,43.5,143.6,0,0,0,1,0,0,0,0
224,EBI-2009-01c,N Japan,43.5,143.6,0,0,0,1,0,0,0,0
225,EBI-2009-01d,N Japan,43.5,143.6,0,0,0,1,0,0,0,0
226,EBI-2009-02b,N Japan,43.5,143.6,0,0,0,1,0,0,0,0
227,EBI-2009-02c,N Japan,43.5,143.6,0,0,0,0.7,0,0,0.3,0
228,EBI-2009-04b,N Japan,43.5,143.7,0,0,0,1,0,0,0,0
229,EBI-2009-04c,N Japan,43.5,143.7,0,0,0,1,0,0,0,0
230,EBI-2009-04d,N Japan,43.5,143.7,0,0,0,1,0,0,0,0
231,EBI-2009-04e,N Japan,43.5,143.7,0,0,0,1,0,0,0,0
232,EBI-2009-05a,N Japan,43.5,143.7,0,0,0,1,0,0,0,0
233,EBI-2009-05b,N Japan,43.5,143.7,0,0,0,1,0,0,0,0
234,EBI-2009-05c,N Japan,43.5,143.7,0,0,0,0.9,0,0,0,0
235,EBI-2009-05d,N Japan,43.5,143.7,0,0,0,1,0,0,0,0
236,EBI-2009-05e,N Japan,43.5,143.7,0,0,0,1,0,0,0,0
237,EBI-2009-06a,N Japan,43.8,144.2,0,0,0,1,0,0,0,0
238,EBI-2009-06b,N Japan,43.8,144.2,0,0,0,1,0,0,0,0
239,EBI-2009-06c,N Japan,43.8,144.2,0,0,0,1,0,0,0,0
240,EBI-2009-08i,N Japan,43.8,144.2,0,0,0,1,0,0,0,0
241,EBI-2009-09b,N Japan,44,144.1,0,0,0,1,0,0,0,0
242,EBI-2009-09c,N Japan,44,144.1,0,0,0,1,0,0,0,0
243,EBI-2009-09d,N Japan,44,144.1,0,0,0,1,0,0,0,0
244,EBI-2009-09e,N Japan,44,144.1,0,0,0,1,0,0,0,0
245,EBI-2009-11a,N Japan,44,144.1,0,0,0,1,0,0,0,0
246,EBI-2009-14f,N Japan,42.8,141.9,0,0,0,1,0,0,0,0
247,EBI-2009-14g,N Japan,42.8,141.9,0,0,0,1,0,0,0,0
248,EBI-2009-14h,N Japan,42.8,141.9,0,0,0.1,0.9,0,0,0,0
249,EBI-2009-14i,N Japan,42.8,141.9,0,0,0,0.9,0,0,0,0
250,EBI-2009-16a,N Japan,42.7,141.6,0,0,0,1,0,0,0,0
251,EBI-2009-16c,N Japan,42.7,141.6,0,0,0,1,0,0,0,0
252,EBI-2009-16d,N Japan,42.7,141.6,0,0,0,0.9,0,0,0,0
253,EBI-2009-17a,N Japan,42.7,141.6,0,0,0,1,0,0,0,0
254,EBI-2009-18a,N Japan,42.7,141.6,0,0,0,1,0,0,0,0
255,EBI-2009-18b,N Japan,42.7,141.6,0,0,0,1,0,0,0,0
256,EBI-2009-18d,N Japan,42.7,141.6,0,0,0,1,0,0,0,0
257,EBI-2009-18e,N Japan,42.7,141.6,0,0,0,1,0,0,0,0
258,EBI-2009-19e,N Japan,42.7,141.6,0,0,0,1,0,0,0,0
259,EBI-2009-20a,N Japan,42.4,142.5,0,0,0.1,0.9,0,0,0,0
260,EBI-2009-20b,N Japan,42.4,142.5,0,0,0.1,0.9,0,0,0,0
261,EBI-2009-21f,N Japan,42.4,142.5,0,0,0.1,0.9,0,0,0,0
262,EBI-2009-21g,N Japan,42.4,142.5,0,0,0,1,0,0,0,0
263,EBI-2009-23f,N Japan,45,142.1,0,0,0,1,0,0,0,0
264,EBI-2009-23g,N Japan,45,142.1,0,0,0,1,0,0,0,0
265,EBI-2009-23h,N Japan,45,142.1,0,0,0,1,0,0,0,0
266,EBI-2009-25a,N Japan,41.8,140.1,0,0,0.1,0.9,0,0,0,0
267,EBI-2009-25b,N Japan,41.8,140.1,0,0,0.1,0.9,0,0,0,0
268,EBI-2009-25c,N Japan,41.8,140.1,0,0,0.1,0.9,0,0,0,0
269,EBI-2009-26a,N Japan,44.9,142.2,0,0,0.1,0.9,0,0,0,0
270,Gifu-2010-001,Msa,35.4,136.8,0,0,0,0,0,0,1,0
271,Gifu-2010-002,Msa,35.5,136.8,0,0.1,0,0,0,0,0.9,0
272,Gifu-2010-003b,Central Japan,35.5,136.7,0,0,0.7,0,0,0.3,0,0
273,Gifu-2010-003c,Central Japan,35.5,136.7,0,0,0.7,0,0,0.3,0,0
274,Gifu-2010-003d,Central Japan,35.5,136.7,0,0,0.6,0,0,0.3,0,0
275,Gifu-2010-003e,Central Japan,35.5,136.7,0,0,0.6,0.1,0,0.3,0,0
276,Gifu-2010-005,Msa,35.5,136.7,0,0,0,0,0.1,0,0.9,0
277,Gifu-2010-006a,Central Japan,35.5,136.7,0,0,0.6,0,0,0.4,0,0
278,Gifu-2010-006b,Central Japan,35.5,136.7,0,0,0.6,0,0,0.4,0,0
279,Gifu-2010-006c,Central Japan,35.5,136.7,0,0,0.6,0.1,0,0.3,0,0
280,Gifu-2010-006d,Central Japan,35.5,136.7,0,0,0.6,0.1,0,0.4,0,0
281,Gifu-2010-006e,Central Japan,35.5,136.7,0,0,0.6,0.1,0,0.3,0,0
282,Gifu-2010-007,Msa,35.4,136.8,0,0,0.1,0,0,0,0.9,0
283,Gifu-2010-008,Msa,35.4,136.8,0.1,0,0,0,0,0,0.9,0
284,Gifu-2010-010a,Central Japan,36.3,136.9,0,0,0.7,0.1,0,0.3,0,0
285,Gifu-2010-010b,Central Japan,36.3,136.9,0,0,0.7,0,0,0.3,0,0
286,Gifu-2010-010-B30a,Central Japan,36.3,136.9,0,0,0.6,0.1,0,0.3,0,0
287,Gifu-2010-010-B30b,Central Japan,36.3,136.9,0,0,0.7,0.1,0,0.2,0,0
288,Gifu-2010-010-B30c,Central Japan,36.3,136.9,0,0,0.7,0.1,0,0.2,0,0
289,Gifu-2010-010-B30d,Central Japan,36.3,136.9,0,0,0.7,0.1,0,0.2,0,0
290,Gifu-2010-010-B30e,Central Japan,36.3,136.9,0,0,0.7,0.1,0,0.2,0,0
291,Gifu-2010-010c,Central Japan,36.3,136.9,0,0,0.8,0,0,0.2,0,0
292,Gifu-2010-010e,Central Japan,36.3,136.9,0,0,0.7,0.1,0,0.3,0,0
293,Gifu-2010-011,Msa,36.3,136.9,0,0,0,0,0,0,0.9,0
294,Gifu-2010-011a,Msa,36.3,136.9,0,0,0,0,0,0,1,0
295,Gifu-2010-011b,Msa,36.3,136.9,0,0,0,0,0,0,1,0
296,Gifu-2010-011c,Msa,36.3,136.9,0,0,0,0,0,0,1,0
297,Gifu-2010-011d,Msa,36.3,136.9,0,0,0,0,0,0,0.9,0
298,Gifu-2010-013a,Central Japan,36.4,136.9,0,0,0.7,0,0,0.2,0,0
299,Gifu-2010-013b,Central Japan,36.4,136.9,0,0,0.7,0,0,0.3,0,0
300,Gifu-2010-013c,Central Japan,36.4,136.9,0,0,0.7,0,0,0.2,0,0
301,Gifu-2010-013d,Central Japan,36.4,136.9,0,0,0.7,0.1,0,0.2,0,0
302,Gifu-2010-013e,Central Japan,36.4,136.9,0,0,0.8,0,0,0.2,0,0
303,Gifu-2010-014,Msa,36.2,137.2,0,0,0,0,0,0,0.9,0
304,Gifu-2010-014a,Msa,36.2,137.2,0,0,0.1,0.2,0,0,0.7,0
305,Gifu-2010-014c,Msa,36.2,137.2,0,0,0,0,0,0,0.9,0
306,Gifu-2010-014d,Msa,36.2,137.2,0,0,0,0,0,0,0.9,0
307,Gifu-2010-015b,Central Japan,36.2,137.2,0,0,0.7,0,0,0.3,0,0
308,Gifu-2010-015c,Central Japan,36.2,137.2,0,0,0.7,0.1,0,0.3,0,0
309,Gifu-2010-015e,Central Japan,36.2,137.2,0,0,0.7,0.1,0,0.3,0,0
310,Gifu-2010-016,Msa,36.2,137.3,0,0,0,0,0,0,0.9,0
311,Gifu-2010-017a,Central Japan,36.2,137.4,0,0,0.7,0.1,0,0.3,0,0
312,Gifu-2010-017b,Central Japan,36.2,137.4,0,0,0.7,0.1,0,0.3,0,0
313,Gifu-2010-017c,Central Japan,36.2,137.4,0,0,0.7,0,0,0.3,0,0
314,Gifu-2010-017d,Central Japan,36.2,137.4,0,0,0.7,0.1,0,0.3,0,0
315,Gifu-2010-017e,Central Japan,36.2,137.4,0,0,0.6,0.1,0,0.3,0,0
316,Gifu-2010-018c,Central Japan,36.2,137.5,0,0,0.7,0.1,0,0.3,0,0
317,Gifu-2010-018e,Central Japan,36.2,137.5,0,0,0.6,0.1,0,0.3,0,0
318,Gifu-2010-019a,Central Japan,36.3,137.6,0,0,0.7,0,0,0.3,0,0
319,Gifu-2010-019b,Central Japan,36.3,137.6,0,0,0.6,0.1,0,0.3,0,0
320,Gifu-2010-019c,Central Japan,36.3,137.6,0,0,0.6,0.1,0,0.3,0,0
321,Gifu-2010-019e,Central Japan,36.3,137.6,0,0,0.7,0,0,0.2,0,0
322,Gifu-2010-020,Msa,35.9,136.9,0,0,0,0,0,0,0.9,0
323,Gifu-2010-020a,Msa,35.9,136.9,0,0,0,0,0,0,1,0
324,Gifu-2010-020b,Msa,35.9,136.9,0,0,0,0,0,0,1,0
325,Gifu-2010-020c,Msa,35.9,136.9,0,0,0,0,0,0,1,0
326,Gifu-2010-020d,Msa,35.9,136.9,0,0,0,0.3,0,0,0.7,0
327,Gifu-2010-021a,Central Japan,35.9,136.9,0,0,0.6,0.1,0,0.3,0,0
328,Gifu-2010-021b,Central Japan,35.9,136.9,0,0,0.7,0,0,0.3,0,0
329,Gifu-2010-021c,Central Japan,35.9,136.9,0,0,0.7,0,0,0.3,0,0
330,Gifu-2010-021d,Central Japan,35.9,136.9,0,0,0.6,0,0,0.3,0,0
331,Gifu-2010-021e,Central Japan,35.9,136.9,0,0,0.6,0.1,0,0.3,0,0
332,Gifu-2010-022,Msa,35.6,136.9,0,0,0,0,0,0,0.9,0
333,Gifu-2010-022a,Msa,35.6,136.9,0,0,0,0,0,0,1,0
334,Gifu-2010-023a,Central Japan,35.6,136.9,0,0,0.7,0,0,0.3,0,0
335,Gifu-2010-023b,Central Japan,35.6,136.9,0,0,0.7,0,0,0.3,0,0
336,Gifu-2010-023c,Central Japan,35.6,136.9,0,0,0.7,0,0,0.3,0,0
337,Gifu-2010-023d,Central Japan,35.6,136.9,0,0,0.6,0.1,0,0.3,0,0
338,Gifu-2010-024,Msa,35.6,136.9,0,0,0,0,0,0,0.9,0.1
339,Gifu-2010-025,Msa,35.5,136.9,0,0,0.2,0,0,0.1,0.6,0
340,Gifu-2010-026a,Central Japan,35.5,136.9,0,0,0.6,0.1,0,0.3,0,0
341,Gifu-2010-026b,Central Japan,35.5,136.9,0,0,0.6,0,0,0.3,0,0
342,Gifu-2010-026c,Central Japan,35.5,136.9,0,0,0.7,0,0,0.3,0,0
343,Gifu-2010-026d,Central Japan,35.5,136.9,0,0,0.7,0,0,0.2,0,0
344,Gifu-2010-026e,Central Japan,35.5,136.9,0,0,0.7,0,0,0.3,0,0
345,Gifu-2010-027,Msa,35.4,136.7,0,0,0,0,0,0,1,0
346,Gifu-2010-028,Msa,35.4,136.7,0,0,0,0,0,0,0.9,0
347,Gifu-2010-029.1c,Central Japan,35.4,136.7,0,0,0.5,0.1,0,0.4,0,0
348,Gifu-2010-029.1d,Central Japan,35.4,136.7,0,0,0.6,0,0,0.4,0,0
349,Gifu-2010-029.2b,Central Japan,35.4,136.7,0,0,0.6,0,0,0.3,0,0
350,Gifu-2010-029.2c,Central Japan,35.4,136.7,0,0,0.6,0.1,0,0.4,0,0
351,Gifu-2010-029.2d,Central Japan,35.4,136.7,0,0,0.6,0.1,0,0.3,0,0
352,Gifu-2010-030,Msa,35.3,136.7,0,0,0,0,0,0,0.9,0
353,Gifu-2010-030a,Msa,35.3,136.7,0,0,0,0,0,0,1,0
354,Gifu-2010-030b,Msa,35.3,136.7,0,0,0,0,0,0,1,0
355,Gifu-2010-030c,Msa,35.3,136.7,0,0,0,0,0,0,1,0
356,"Hokkaido U, Livestock Farm-2",Msa,42.4,142.5,0,0,0,0,0,0,1,0
357,Hokkaido Univ-selection-1,Msa,31.5,131.2,0,0,0,0,0,0,1,0
358,Hokkaido Univ-selection-2,Msa,31.5,131.2,0,0,0,0,0,0.1,0.9,0
359,Hokkaido Univ-selection-3,Msa,31.5,131.2,0,0,0,0,0,0,0.9,0
360,Hokkaido Univ-selection-4,S Japan,31.4,131.1,0,0,0.1,0,0,0.8,0,0
361,Hokkaido Univ-selection-5,Msa,32,130.6,0.1,0,0,0,0,0,0.9,0
362,JA10-2a,N Japan,42.5,140.9,0,0,0.3,0.7,0,0,0,0
363,JA11-1a,N Japan,39.5,141.2,0,0,0.4,0.6,0,0,0,0
364,JA11-1b,N Japan,39.5,141.2,0,0,0.4,0.6,0,0,0,0
365,JA11-1c,N Japan,39.5,141.2,0,0,0.3,0.7,0,0,0,0
366,JA11-1e,N Japan,39.5,141.2,0,0,0.3,0.6,0,0.1,0,0
367,JA13a,N Japan,43.9,142.3,0,0,0,1,0,0,0,0
368,JA13b,N Japan,43.9,142.3,0,0,0,1,0,0,0,0
369,JA13c,N Japan,43.9,142.3,0,0,0,1,0,0,0,0
370,JA13d,N Japan,43.9,142.3,0,0,0,1,0,0,0,0
371,JA14b,Central Japan,37.3,140.3,0,0,0.7,0.2,0,0.1,0,0
372,JA15a,N Japan,40.3,140.5,0,0,0.2,0.8,0,0,0,0
373,JA15b,N Japan,40.3,140.5,0,0,0.2,0.8,0,0,0,0
374,JA15c,N Japan,40.3,140.5,0,0,0.2,0.8,0,0,0,0
375,JA15d,N Japan,40.3,140.5,0,0,0.2,0.8,0,0,0,0
376,JA15e,N Japan,40.3,140.5,0,0,0.2,0.8,0,0,0,0
377,JA16a,Central Japan,36,138.5,0,0,0.7,0.1,0,0.2,0,0
378,JA16b,Central Japan,36,138.5,0,0,0.7,0.1,0,0.2,0,0
379,JA16c,Central Japan,36,138.5,0,0,0.7,0.1,0,0.2,0,0
380,JA16d,Central Japan,36,138.5,0,0,0.7,0.1,0,0.2,0,0
381,JA16e,Central Japan,36,138.5,0,0,0.8,0,0,0.2,0,0
382,JA17-1a,N Japan,39.7,140.7,0,0,0.4,0.6,0,0,0,0
383,JA17-1b,N Japan,39.7,140.7,0,0,0.3,0.6,0,0.1,0,0
384,JA17-1c,N Japan,39.7,140.7,0,0,0.3,0.6,0,0,0,0
385,JA17-1d,N Japan,39.7,140.7,0,0,0.3,0.6,0,0.1,0,0
386,JA17-2a,N Japan,39.5,140.5,0,0,0.4,0.6,0,0,0,0
387,JA19a,Central Japan,36.7,136.8,0,0,0.7,0,0,0.2,0,0
388,JA19b,Central Japan,36.7,136.8,0,0,0.7,0.1,0,0.1,0,0
389,JA1a,N Japan,45,142.1,0,0,0,1,0,0,0,0
390,JA1b,N Japan,45,142.1,0,0,0,1,0,0,0,0
391,JA1c,N Japan,45,142.1,0,0,0,1,0,0,0,0
392,JA1d,N Japan,45,142.1,0,0,0,1,0,0,0,0
393,JA1e,N Japan,45,142.1,0,0,0,1,0,0,0,0
403,JA22a,N Japan,41,141.4,0,0,0.2,0.8,0,0,0,0
404,JA22b,N Japan,41,141.4,0,0,0.2,0.8,0,0,0,0
405,JA22c,N Japan,41,141.4,0,0,0.2,0.8,0,0,0,0
406,JA22d,N Japan,41,141.4,0,0,0.2,0.8,0,0,0,0
407,JA22e,N Japan,41,141.4,0,0,0.2,0.8,0,0,0,0
408,JA23a,Central Japan,36.9,138.4,0,0,0.7,0.1,0,0.1,0,0
409,JA23b,Central Japan,36.9,138.4,0,0,0.7,0.1,0,0.1,0,0
410,JA23c,Central Japan,36.9,138.4,0,0,0.7,0.1,0,0.2,0,0
411,JA23d,Central Japan,36.9,138.4,0,0,0.7,0.1,0,0.2,0,0
412,JA23e,Central Japan,36.9,138.4,0,0,0.7,0.1,0,0.2,0,0
413,JA24-1a,Central Japan,35.5,138.8,0,0,0.8,0.1,0,0.2,0,0
414,JA24-1b,Central Japan,35.5,138.8,0,0,0.8,0.1,0,0.1,0,0
415,JA24-1d,Central Japan,35.5,138.8,0,0,0.7,0.1,0,0.2,0,0
416,JA24-1e,Central Japan,35.5,138.8,0,0,0.8,0.1,0,0.2,0,0
417,JA24-2a,Central Japan,35.6,138.9,0,0,0.7,0.2,0,0.1,0,0
418,JA24-2b,Central Japan,35.6,138.9,0,0,0.7,0.2,0,0.1,0,0
419,JA24-2d,Central Japan,35.6,138.9,0,0,0.7,0.2,0,0.1,0,0
420,JA24-2e,Central Japan,35.6,138.9,0,0,0.8,0.1,0,0.1,0,0
421,JA25a,Central Japan,36.1,137.9,0,0,0.7,0.1,0,0.2,0,0
422,JA26a,Central Japan,35.7,138.6,0,0,0.7,0.1,0,0.1,0,0
423,JA26b,Central Japan,35.7,138.6,0,0,0.7,0.1,0,0.1,0,0
424,JA30-1a,Central Japan,36.3,138.4,0,0,0.7,0.1,0,0.2,0,0
425,JA30-1b,Central Japan,36.3,138.4,0,0,0.8,0.1,0,0.1,0,0
426,JA30-2a,Central Japan,36.3,138.4,0,0,0.7,0.1,0,0.2,0,0
427,JA30-2b,Central Japan,36.3,138.4,0,0,0.7,0.1,0,0.2,0,0
428,JA30-2c,Central Japan,36.3,138.4,0,0,0.7,0.1,0,0.2,0,0
429,JA30-3a,Central Japan,36.3,138.5,0,0,0.7,0.1,0,0.2,0,0
430,JA30-3b,Central Japan,36.3,138.5,0,0,0.7,0.1,0,0.2,0,0
431,JA30-3c,Central Japan,36.3,138.5,0,0,0.7,0.1,0,0.2,0,0
432,JA30-3d,Central Japan,36.3,138.5,0,0,0.7,0.1,0,0.2,0,0
433,JA30-3e,Central Japan,36.3,138.5,0,0,0.7,0.1,0,0.2,0,0
434,JA31-1a,S Japan,31.4,130.4,0,0,0.1,0,0.1,0.8,0,0
435,JA31-1b,S Japan,31.4,130.4,0,0,0.1,0,0.1,0.8,0,0
436,JA31-1c,S Japan,31.4,130.4,0,0,0.1,0,0.1,0.8,0,0
437,JA31-1d,S Japan,31.4,130.4,0,0,0.2,0,0.1,0.8,0,0
438,JA31-2a,S Japan,31.4,130.4,0,0,0.1,0.1,0,0.7,0,0
439,JA31-2c,S Japan,31.4,130.4,0,0,0.1,0.1,0.1,0.7,0,0
440,JA31-2d,S Japan,31.4,130.4,0,0,0.1,0,0,0.8,0,0
441,JA31-3a,S Japan,31.4,130.4,0,0,0.2,0,0.1,0.8,0,0
442,JA32a,S Japan,35,133.5,0,0,0.1,0.1,0,0.8,0,0
443,JA3-3a,N Japan,43.5,145,0,0,0,1,0,0,0,0
444,JA3-3b,N Japan,43.5,145,0,0,0,1,0,0,0,0
445,JA3-3c,N Japan,43.5,145,0,0,0,1,0,0,0,0
446,JA33d,S Japan,35.1,135.6,0,0,0.2,0.2,0,0.6,0,0
447,JA33e,S Japan,35.1,135.6,0,0,0.2,0.1,0,0.7,0,0
448,JA34a,S Japan,34.8,132.8,0,0,0.1,0,0,0.9,0,0
449,JA34b,S Japan,34.8,132.8,0,0,0.2,0,0,0.8,0,0
450,JA3-4b,N Japan,43.5,145,0,0,0,1,0,0,0,0
451,JA3-4c,N Japan,43.5,145,0,0,0,1,0,0,0,0
452,JA34d,S Japan,34.8,132.8,0,0,0.1,0,0,0.9,0,0
453,JA34e,S Japan,34.8,132.8,0,0,0.1,0,0,0.9,0,0
454,JA35a,S Japan,36.2,133.3,0,0,0.2,0,0,0.8,0,0
455,JA35b,S Japan,36.2,133.3,0,0,0.1,0.1,0,0.7,0,0
456,JA35c,S Japan,36.2,133.3,0,0,0.2,0,0,0.8,0,0
457,JA35d,S Japan,36.2,133.3,0,0,0.2,0.2,0,0.7,0,0
458,JA35e,S Japan,36.2,133.3,0,0,0.1,0.1,0,0.7,0,0
459,JA37a,S Japan,37,136.9,0,0,0.1,0,0,0.9,0,0
460,JA37b,S Japan,37,136.9,0,0,0.1,0,0.1,0.8,0,0
461,JA37c,S Japan,37,136.9,0,0,0.1,0,0,0.9,0,0
462,JA37d,S Japan,37,136.9,0,0,0.1,0,0,0.8,0,0
463,JA39a,Central Japan,37,138.2,0,0,0.7,0.2,0,0.1,0,0
464,JA39b,Central Japan,37,138.2,0,0,0.6,0.3,0,0.2,0,0
465,JA39c,Central Japan,37,138.2,0,0,0.7,0.1,0,0.1,0,0
466,JA39d,Central Japan,37,138.2,0,0,0.6,0.3,0,0.2,0,0
467,JA40b,Central Japan,31.6,130.6,0,0,0.7,0.2,0,0.1,0,0
468,JA40c,Central Japan,31.6,130.6,0,0,0.7,0.1,0,0.1,0,0
469,JA40d,S Japan,31.6,130.6,0,0,0.1,0,0,0.8,0,0
470,JA40e,Central Japan,31.6,130.6,0,0,0.7,0.1,0,0.2,0,0
471,JA41a,S Japan,31.6,130.6,0,0,0.2,0,0.1,0.7,0,0
472,JA41c,S Japan,31.6,130.6,0,0,0.1,0,0.1,0.8,0,0
473,JA41d,S Japan,31.6,130.6,0,0,0.1,0,0.1,0.8,0,0
474,JA43-1a,S Japan,33.5,133.4,0,0,0.1,0,0,0.9,0,0
475,JA43-1b,S Japan,33.5,133.4,0,0,0.1,0,0,0.9,0,0
476,JA43-1c,S Japan,33.5,133.4,0,0,0.1,0,0,0.9,0,0
477,JA43-1d,S Japan,33.5,133.4,0,0,0.1,0,0,0.9,0,0
478,JA43-2a,S Japan,33.5,133.4,0,0,0.2,0,0,0.8,0,0
479,JA43-2b,S Japan,33.5,133.4,0,0,0.1,0,0,0.9,0,0
480,JA43-2c,S Japan,33.5,133.4,0,0,0.1,0,0,0.9,0,0
481,JA44a,Central Japan,35.7,140,0,0,0.7,0.1,0.1,0.2,0,0
482,JA44b,Central Japan,35.7,140,0,0,0.7,0.1,0.1,0.2,0,0
483,JA44c,Central Japan,35.7,140,0,0,0.6,0.1,0.1,0.2,0,0
484,JA44d,S Japan,35.7,140,0,0,0.1,0,0.1,0.8,0,0
485,JA45a,Central Japan,35.6,136.1,0,0,0.5,0,0,0.4,0,0
486,JA45b,Central Japan,35.6,136.1,0,0,0.5,0,0,0.5,0,0
487,JA45c,Central Japan,35.6,136.1,0,0,0.5,0,0,0.5,0,0
488,JA45d,Central Japan,35.6,136.1,0,0,0.5,0,0,0.5,0,0
489,JA46a,S Japan,34,133.6,0,0,0.1,0,0,0.9,0,0
490,JA46b,S Japan,34,133.6,0,0,0.1,0,0,0.9,0,0
491,JA46c,S Japan,34,133.6,0,0,0.1,0,0,0.9,0,0
492,JA46d,S Japan,34,133.6,0,0,0.1,0,0,0.8,0,0
493,JA46e,S Japan,34,133.6,0,0,0.1,0,0,0.9,0,0
494,JA47a,Central Japan,34.8,137.4,0,0,0.6,0,0,0.3,0,0
495,JA48a,S Japan,33.4,132.9,0,0,0.1,0,0,0.9,0,0
496,JA48b,S Japan,33.4,132.9,0,0,0.1,0,0,0.9,0,0
497,JA48c,S Japan,33.4,132.9,0,0,0.1,0,0,0.9,0,0
498,JA48d,S Japan,33.4,132.9,0,0,0.1,0,0,0.9,0,0
499,JA48e,S Japan,33.4,132.9,0,0,0.1,0,0,0.9,0,0
500,JA49a,Central Japan,35.3,137,0,0,0.6,0.1,0,0.3,0,0
501,JA49c,Central Japan,35.3,137,0,0,0.6,0.1,0,0.3,0,0
502,JA49d,Central Japan,35.3,137,0,0,0.7,0.1,0,0.2,0,0
503,JA49e,Central Japan,35.3,137,0,0,0.7,0,0,0.3,0,0
504,JA4a,N Japan,43.1,145.1,0,0,0.1,0.9,0,0,0,0
505,JA4c,N Japan,43.1,145.1,0,0,0,1,0,0,0,0
506,JA4e,N Japan,43.1,145.1,0,0,0,1,0,0,0,0
507,JA50a,S Japan,34.4,131.4,0,0,0.1,0,0,0.9,0,0
508,JA50b,S Japan,34.4,131.4,0,0,0.1,0,0,0.9,0,0
509,JA50c,S Japan,34.4,131.4,0,0,0.1,0,0,0.9,0,0
510,JA50d,S Japan,34.4,131.4,0,0,0.1,0,0,0.9,0,0
511,JA50e,S Japan,34.4,131.4,0,0,0.1,0,0,0.9,0,0
512,JA52a,Msa,33.6,130.5,0,0,0,0,0,0.2,0.8,0
513,JA53a,S Japan,32.7,128.8,0,0,0.1,0,0.1,0.8,0,0
514,JA54b,S Japan,34.8,134.9,0,0,0.2,0,0,0.8,0,0
515,JA54c,S Japan,34.8,134.9,0,0,0.2,0,0,0.8,0,0
516,JA54d,S Japan,34.8,134.9,0,0,0.2,0,0,0.8,0,0
517,JA54e,S Japan,34.8,134.9,0,0,0.2,0,0,0.8,0,0
518,JA55-1a,Central Japan,36.8,140.8,0,0,0.7,0.1,0,0.2,0,0
519,JA55-1b,Central Japan,36.8,140.8,0,0,0.7,0.1,0,0.1,0,0
520,JA55-1c,Central Japan,36.8,140.8,0,0,0.7,0.1,0,0.2,0,0
521,JA55-1d,Central Japan,36.8,140.8,0,0,0.7,0.1,0,0.2,0,0
522,JA55-1e,Central Japan,36.8,140.8,0,0,0.8,0.1,0,0.1,0,0
523,JA55-2a,Central Japan,36.7,140.7,0,0,0.8,0.1,0,0.1,0,0
524,JA55-2c,Central Japan,36.7,140.7,0,0,0.6,0.1,0,0.1,0.1,0
525,JA55-3a,Central Japan,36.6,140.7,0,0,0.8,0.1,0,0.1,0,0
526,JA55-3b,Central Japan,36.6,140.7,0,0,0.7,0.1,0,0.2,0,0
527,JA55-3c,Central Japan,36.6,140.7,0,0,0.8,0.1,0,0.1,0,0
528,JA55-3d,Central Japan,36.6,140.7,0,0,0.7,0.1,0,0.2,0,0
529,JA55-3e,Central Japan,36.6,140.7,0,0,0.7,0.1,0,0.2,0,0
530,JA55-4a,Central Japan,36.6,140.7,0,0,0.7,0.1,0,0.2,0,0
531,JA55-4b,Central Japan,36.6,140.7,0,0,0.6,0.1,0,0.2,0,0
532,JA55-4c,Central Japan,36.6,140.7,0,0,0.7,0.1,0,0.2,0,0
533,JA55-4d,Central Japan,36.6,140.7,0,0,0.7,0.1,0,0.2,0,0
534,JA55-4e,Central Japan,36.6,140.7,0,0,0.6,0.1,0,0.2,0,0
535,JA55-5b,Msa,36.6,140.7,0,0,0,0,0,0,1,0
536,JA55-5c,Msa,36.6,140.7,0,0,0,0,0,0,1,0
537,JA55-5d,Msa,36.6,140.7,0,0,0,0,0,0,0.9,0
538,JA55-5e,Msa,36.6,140.7,0,0,0,0,0,0,0.9,0
539,JA56a,S Japan,31.6,131.3,0,0,0.1,0,0.1,0.8,0,0
540,JA56b,S Japan,31.6,131.3,0,0,0.1,0,0.1,0.8,0,0
541,JA56c,S Japan,31.6,131.3,0,0,0.1,0,0.1,0.8,0,0
542,JA56e,S Japan,31.6,131.3,0,0,0.1,0,0.1,0.8,0,0
543,JA57-1a,Central Japan,35.4,139.9,0,0,0.6,0.1,0.1,0.2,0,0
544,JA57-1b,Central Japan,35.4,139.9,0,0,0.6,0.1,0.1,0.2,0,0
545,JA57-1c,Central Japan,35.4,139.9,0,0,0.7,0.1,0,0.2,0,0
546,JA57-1d,Central Japan,35.4,139.9,0,0,0.6,0.1,0.1,0.2,0,0
547,JA57-3a,Central Japan,35.4,139.9,0,0,0.7,0.1,0,0.2,0,0
548,JA57-3b,Central Japan,35.4,139.9,0,0,0.7,0.1,0,0.2,0,0
549,JA57-3c,Central Japan,35.4,139.9,0,0,0.7,0.1,0,0.2,0,0
550,JA57-3d,Msa,35.4,139.9,0,0,0,0,0,0,1,0
551,JA57-3e,Msa,35.4,139.9,0,0,0,0,0,0,1,0
552,JA57-4a,Central Japan,35.4,139.9,0,0,0.6,0.1,0.1,0.2,0,0
553,JA57-4b,Central Japan,35.4,139.9,0,0,0.7,0,0,0.2,0,0
554,JA57-4c,Central Japan,35.4,139.9,0,0,0.7,0,0.1,0.2,0,0
555,JA57-4e,Central Japan,35.4,139.9,0,0,0.7,0.1,0.1,0.2,0,0
556,JA58a,Central Japan,36.2,140.3,0,0,0.7,0.1,0,0.2,0,0
557,JA58b,Central Japan,36.2,140.3,0,0,0.7,0.1,0,0.2,0,0
558,JA58c,Central Japan,36.2,140.3,0,0,0.7,0.1,0,0.2,0,0
559,JA58d,Central Japan,36.2,140.3,0,0,0.7,0.1,0,0.2,0,0
560,JA5a,N Japan,42.6,140.8,0,0,0,1,0,0,0,0
561,JA5b,N Japan,42.6,140.8,0,0,0.1,0.9,0,0,0,0
562,JA5c,N Japan,42.6,140.8,0,0,0,1,0,0,0,0
563,JA5d,N Japan,42.6,140.8,0,0,0,0.9,0,0,0,0
564,JA5e,N Japan,42.6,140.8,0,0,0,1,0,0,0,0
565,JA7a,Central Japan,38.6,139.9,0,0,0.5,0.5,0,0.1,0,0
566,JA7b,Central Japan,38.6,139.9,0,0,0.5,0.5,0,0.1,0,0
567,JA7c,Central Japan,38.6,139.9,0,0,0.5,0.5,0,0.1,0,0
568,JA7d,Central Japan,38.6,139.9,0,0,0.5,0.5,0,0,0,0
569,JA7e,Central Japan,38.6,139.9,0,0,0.5,0.5,0,0.1,0,0
570,JM11-002,Msa,33.6,130.2,0,0,0,0,0,0.3,0.7,0
571,JM11-006,Msa,34.2,131.3,0,0,0,0,0,0.2,0.8,0
572,JM11-010,Msa,34.3,131.3,0,0,0,0,0,0.4,0.6,0
573,JM11-013,Msa,34.7,131.8,0,0,0,0,0,0.4,0.6,0
574,JM11-019,Msa,35.1,132.3,0,0,0,0,0,0,1,0
575,JM11-024-1,Msa,35.4,132.7,0,0,0,0,0,0,1,0
576,JM11-024-2,Msa,35.4,132.7,0,0,0,0,0,0.1,0.9,0
577,JM11-027,Msa,35.3,133.6,0,0,0,0,0,0,1,0
578,JM11-031,Msa,35.4,133.4,0,0,0,0,0,0.4,0.6,0
579,JM11-037,Msa,34.9,133.3,0,0,0,0,0,0,1,0
580,JM11-040,Msa,34.8,132.9,0,0,0,0,0,0,1,0
581,JM11-041,S Japan,34.8,132.9,0,0,0.1,0,0,0.9,0,0
582,KMI-2011-001,Msa,31.8,131.4,0,0,0,0,0,0,1,0
583,Koike-02c,N Japan,44.2,142.1,0,0,0,1,0,0,0,0
584,Koike-05a,N Japan,42.4,141.3,0,0,0,0.8,0,0,0.2,0
585,Koike-05c,N Japan,42.4,141.3,0,0,0,1,0,0,0,0
586,Koike-05d,N Japan,42.4,141.3,0,0,0,1,0,0,0,0
587,Koike-06a,N Japan,41.5,140.1,0,0,0.1,0.9,0,0,0,0
588,Koike-06b,N Japan,41.5,140.1,0,0,0.1,0.9,0,0,0,0
589,Koike-06c,N Japan,41.5,140.1,0,0,0.1,0.9,0,0,0,0
590,Koike-06d,N Japan,41.5,140.1,0,0,0.1,0.9,0,0,0,0
591,Koike-08c,Central Japan,38.6,141,0,0,0.4,0.6,0,0.1,0,0
592,Koike-08d,Central Japan,38.6,141,0,0,0.4,0.5,0,0.1,0,0
593,Koike-08e,Central Japan,38.6,141,0,0,0.4,0.5,0,0.1,0,0
594,Koike-10a,Central Japan,37.6,139,0,0,0.6,0.2,0,0.1,0,0
595,Koike-10b,Central Japan,37.6,139,0,0,0.6,0.2,0,0.2,0,0
596,Koike-10c,Central Japan,37.6,139,0,0,0.7,0.2,0,0.1,0,0
597,Koike-10d,Central Japan,37.6,139,0,0,0.7,0.2,0,0.1,0,0
598,Koike-10e,Central Japan,37.6,139,0,0,0.7,0.2,0,0.1,0,0
599,Koike-11c,Central Japan,38,138.4,0,0,0.6,0.2,0,0.1,0,0
600,Koike-11d,Central Japan,38,138.4,0,0,0.6,0.3,0,0.1,0,0
601,Koike-11e,Central Japan,38,138.4,0,0,0.7,0.2,0,0.1,0,0
602,Koike-11f,Central Japan,38,138.4,0,0,0.6,0.2,0,0.2,0,0
603,Koike-13a,Central Japan,35.7,139.4,0,0,0.7,0.2,0,0.1,0,0
604,Koike-13c,Central Japan,35.7,139.4,0,0,0.8,0,0,0.1,0,0
605,Koike-13d,Central Japan,35.7,139.4,0,0,0.7,0.1,0,0.2,0,0
606,Koike-13e,Central Japan,35.7,139.4,0,0,0.6,0.1,0,0.2,0,0
607,Koike-14c,Central Japan,36.3,138.3,0,0,0.7,0.1,0,0.2,0,0
608,Koike-14d,Central Japan,36.3,138.3,0,0,0.7,0.1,0,0.2,0,0
609,Koike-14e,Central Japan,36.3,138.3,0,0,0.7,0.1,0,0.2,0,0
610,Koike-18a,S Japan,35,133.7,0,0,0.2,0,0,0.8,0,0
611,Koike-18b,S Japan,35,133.7,0,0,0.2,0,0,0.8,0,0
612,Koike-18c,Msa,35,133.7,0,0,0,0,0,0,0.9,0
613,Koike-18d,S Japan,35,133.7,0,0,0.1,0,0,0.9,0,0
614,Koike-18e,S Japan,35,133.7,0,0,0.2,0,0,0.8,0,0
615,Koike-19a,S Japan,34.4,132.7,0,0,0.1,0,0,0.9,0,0
616,Koike-20a,S Japan,33.5,133.5,0,0,0.1,0,0,0.9,0,0
617,Koike-20c,S Japan,33.5,133.5,0,0,0.1,0,0,0.9,0,0
618,Koike-20d,S Japan,33.5,133.5,0,0,0.1,0,0,0.8,0,0
619,Koike-22b,S Japan,31.8,131.4,0,0,0.1,0,0,0.9,0,0
620,Koike-22c,S Japan,31.8,131.4,0,0,0.1,0,0,0.9,0,0
621,Koike-22d,S Japan,31.8,131.4,0,0,0.1,0,0,0.9,0,0
622,Koike-22e,S Japan,31.8,131.4,0,0,0.1,0,0,0.8,0,0
623,Koike-24b,Central Japan,35.6,139.2,0,0,0.8,0.1,0,0.1,0,0
624,Koike-24c,Central Japan,35.6,139.2,0,0,0.8,0.1,0,0.1,0,0
625,Koike-24d,Central Japan,35.6,139.2,0,0,0.7,0.1,0,0.2,0,0
626,Koike-24e,Central Japan,35.6,139.2,0,0,0.8,0.1,0,0.1,0,0
627,Koike-25a,Central Japan,36,138.1,0,0,0.8,0.1,0,0.1,0,0
628,Koike-25b,N Japan,36,138.1,0,0,0.2,0.7,0,0.1,0,0
629,Koike-25c,Central Japan,36,138.1,0,0,0.8,0.1,0,0.2,0,0
630,Tohoku-2010-001,Msa,38.8,141,0,0,0,0,0,0,0.9,0
631,Tohoku-2010-002a,Central Japan,38.8,141.1,0,0,0.4,0.5,0,0.1,0,0
632,Tohoku-2010-002b,Central Japan,38.8,141.1,0,0,0.4,0.5,0,0.1,0,0
633,Tohoku-2010-002c,Central Japan,38.8,141.1,0,0,0.5,0.4,0,0.1,0,0
634,Tohoku-2010-002d,Central Japan,38.8,141.1,0,0,0.4,0.5,0,0.1,0,0
635,Tohoku-2010-002e,Central Japan,38.8,141.1,0,0,0.5,0.5,0,0.1,0,0
636,Tohoku-2010-003a,N Japan,39.2,141.1,0,0,0.4,0.6,0,0,0,0
637,Tohoku-2010-003b,N Japan,39.2,141.1,0,0,0.4,0.6,0,0.1,0,0
638,Tohoku-2010-003d,N Japan,39.2,141.1,0,0,0.4,0.5,0,0.1,0,0
639,Tohoku-2010-003e,N Japan,39.2,141.1,0,0,0.4,0.6,0,0,0,0
640,Tohoku-2010-005a,N Japan,39.7,141,0,0,0.3,0.7,0,0,0,0
641,Tohoku-2010-005b,N Japan,39.7,141,0,0,0.3,0.7,0,0,0,0
642,Tohoku-2010-005c,N Japan,39.7,141,0,0,0.3,0.7,0,0,0,0
643,Tohoku-2010-005d,N Japan,39.7,141,0,0,0.3,0.6,0,0.1,0,0
644,Tohoku-2010-005e,N Japan,39.7,141,0,0,0.3,0.7,0,0,0,0
645,Tohoku-2010-006a,N Japan,39.7,140.8,0,0,0.3,0.6,0,0,0,0
646,Tohoku-2010-006b,N Japan,39.7,140.8,0,0,0.4,0.6,0,0.1,0,0
647,Tohoku-2010-006c,N Japan,39.7,140.8,0,0,0.3,0.6,0,0.1,0,0
648,Tohoku-2010-006d,N Japan,39.7,140.8,0,0,0.3,0.6,0,0.1,0,0
649,Tohoku-2010-006e,N Japan,39.7,140.8,0,0,0.3,0.6,0,0,0,0
650,Tohoku-2010-007a,N Japan,39.7,140.7,0,0,0.3,0.6,0,0.1,0,0
651,Tohoku-2010-007b,N Japan,39.7,140.7,0,0,0.3,0.6,0,0,0,0
652,Tohoku-2010-007c,N Japan,39.7,140.7,0,0,0.3,0.7,0,0,0,0
653,Tohoku-2010-007d,N Japan,39.7,140.7,0,0,0.3,0.6,0,0,0,0
654,Tohoku-2010-007e,N Japan,39.7,140.7,0,0,0.4,0.6,0,0,0,0
655,Tohoku-2010-008c,N Japan,39.8,140,0,0,0.3,0.7,0,0,0,0
656,Tohoku-2010-008d,N Japan,39.8,140,0,0,0.3,0.7,0,0,0,0
657,Tohoku-2010-008f,N Japan,39.8,140,0,0,0.3,0.7,0,0,0,0
658,Tohoku-2010-009a,N Japan,39.9,140,0,0,0.3,0.7,0,0.1,0,0
659,Tohoku-2010-009b,N Japan,39.9,140,0,0,0.3,0.7,0,0,0,0
660,Tohoku-2010-009c,N Japan,39.9,140,0,0,0.3,0.7,0,0,0,0
661,Tohoku-2010-009d,N Japan,39.9,140,0,0,0.3,0.7,0,0,0,0
662,Tohoku-2010-011a,N Japan,39.9,139.9,0,0,0.3,0.7,0,0.1,0,0
663,Tohoku-2010-011b,N Japan,39.9,139.9,0,0,0.2,0.7,0,0.1,0,0
664,Tohoku-2010-011c,N Japan,39.9,139.9,0,0,0.3,0.7,0,0,0,0
665,Tohoku-2010-011e,N Japan,39.9,139.9,0,0,0.3,0.7,0,0,0,0
666,Tohoku-2010-012,Msa,40,139.9,0.1,0,0,0,0,0,0.9,0
667,Tohoku-2010-013a,N Japan,40,140.1,0,0,0.3,0.7,0,0,0,0
668,Tohoku-2010-013b,N Japan,40,140.1,0,0,0.3,0.7,0,0,0,0
669,Tohoku-2010-013c,N Japan,40,140.1,0,0,0.3,0.7,0,0,0,0
670,Tohoku-2010-013d,N Japan,40,140.1,0,0,0.3,0.7,0,0,0,0
671,Tohoku-2010-013e,N Japan,40,140.1,0,0,0.2,0.7,0,0,0,0
672,Tohoku-2010-014,Msa,40.2,140.2,0,0,0,0,0,0,0.9,0
673,Tohoku-2010-015c,N Japan,40.2,140.2,0,0,0.2,0.8,0,0,0,0
674,Tohoku-2010-015d,N Japan,40.2,140.2,0,0,0.2,0.8,0,0,0,0
675,Tohoku-2010-015e,N Japan,40.2,140.2,0,0,0.2,0.8,0,0,0,0
676,Tohoku-2010-015f,N Japan,40.2,140.2,0,0,0.2,0.8,0,0,0,0
677,Tohoku-2010-015g,N Japan,40.2,140.2,0,0,0.2,0.8,0,0,0,0
678,Tohoku-2010-016a,N Japan,40.2,140.2,0,0,0.2,0.7,0,0,0,0
679,Tohoku-2010-016c,N Japan,40.2,140.2,0,0,0.2,0.7,0,0,0,0
680,Tohoku-2010-016d,N Japan,40.2,140.2,0,0,0.2,0.8,0,0.1,0,0
681,Tohoku-2010-016e,N Japan,40.2,140.2,0,0,0.2,0.8,0,0,0,0
682,Tohoku-2010-017,Msa,40.1,140.4,0,0,0,0,0,0,0.9,0
683,Tohoku-2010-017a,Msa,40.1,140.4,0,0,0,0,0,0,1,0
684,Tohoku-2010-017b,Msa,40.1,140.4,0,0,0,0,0,0,0.9,0
685,Tohoku-2010-017c,Msa,40.1,140.4,0,0,0,0,0,0,1,0
686,Tohoku-2010-017d,Msa,40.1,140.4,0,0,0,0,0,0,1,0
687,Tohoku-2010-018a,N Japan,40.1,140.4,0,0,0.2,0.7,0,0,0,0
688,Tohoku-2010-018b,N Japan,40.1,140.4,0,0,0.3,0.7,0,0,0,0
689,Tohoku-2010-018c,N Japan,40.1,140.4,0,0,0.2,0.7,0,0,0,0
690,Tohoku-2010-018d,N Japan,40.1,140.4,0,0,0.2,0.8,0,0,0,0
691,Tohoku-2010-018e,N Japan,40.1,140.4,0,0,0.2,0.7,0,0,0,0
692,Tohoku-2010-019a,N Japan,40,140.4,0,0,0.3,0.7,0,0,0,0
693,Tohoku-2010-019b,N Japan,40,140.4,0,0,0.3,0.7,0,0.1,0,0
694,Tohoku-2010-019c,N Japan,40,140.4,0,0,0.3,0.7,0,0,0,0
695,Tohoku-2010-019d,N Japan,40,140.4,0,0,0.3,0.7,0,0,0,0
696,Tohoku-2010-019e,N Japan,40,140.4,0,0,0.4,0.6,0,0,0,0
697,Tohoku-2010-020,Msa,40,140.4,0,0,0,0,0,0,0.9,0
698,Tohoku-2010-021a,N Japan,39.9,140.6,0,0,0.2,0.7,0,0.1,0,0
699,Tohoku-2010-021b,N Japan,39.9,140.6,0,0,0.3,0.6,0,0.1,0,0
700,Tohoku-2010-021c,N Japan,39.9,140.6,0,0,0.3,0.7,0,0,0,0
701,Tohoku-2010-021d,N Japan,39.9,140.6,0,0,0.3,0.6,0,0,0,0
702,Tohoku-2010-021e,N Japan,39.9,140.6,0,0,0.3,0.7,0,0,0,0
703,Tohoku-2010-022,Msa,39.8,140.6,0,0,0,0.1,0,0,0.9,0
704,Tohoku-2010-023a,N Japan,39.8,140.6,0,0,0.3,0.6,0,0,0,0
705,Tohoku-2010-023b,N Japan,39.8,140.6,0,0,0.3,0.6,0,0,0,0
706,Tohoku-2010-023c,N Japan,39.8,140.6,0,0,0.3,0.7,0,0,0,0
707,Tohoku-2010-024a,N Japan,39.8,140.8,0,0,0.3,0.6,0,0.1,0,0
708,Tohoku-2010-024b,N Japan,39.8,140.8,0,0,0.3,0.6,0,0,0,0
709,Tohoku-2010-024c,N Japan,39.8,140.8,0,0,0.3,0.6,0,0.1,0,0
710,Tohoku-2010-024d,N Japan,39.8,140.8,0,0,0.3,0.7,0,0,0,0
711,Tohoku-2010-024e,N Japan,39.8,140.8,0,0,0.2,0.7,0,0.1,0,0
712,Tohoku-2010-025,Msa,39.6,140.2,0,0,0,0,0,0,0.9,0
713,Tohoku-2010-026,Msa,39.4,140.1,0,0,0,0,0,0,0.9,0
714,Tohoku-2010-027a,N Japan,39.4,140.1,0,0,0.4,0.6,0,0,0,0
715,Tohoku-2010-027b,Central Japan,39.4,140.1,0,0,0.4,0.6,0,0.1,0,0
716,Tohoku-2010-027c,Central Japan,39.4,140.1,0,0,0.4,0.6,0,0.1,0,0
717,Tohoku-2010-027d,Central Japan,39.4,140.1,0,0,0.4,0.6,0,0,0,0
718,Tohoku-2010-027e,Central Japan,39.4,140.1,0,0,0.4,0.6,0,0.1,0,0
719,Tohoku-2010-028,Msa,39.4,140.1,0,0,0,0,0,0,1,0
720,Tohoku-2010-029b,Central Japan,39.1,140,0,0,0.5,0.5,0,0.1,0,0
721,Tohoku-2010-029c,Central Japan,39.1,140,0,0,0.4,0.5,0,0.1,0,0
722,Tohoku-2010-029d,Central Japan,39.1,140,0,0,0.4,0.5,0,0.1,0,0
723,Tohoku-2010-029e,Central Japan,39.1,140,0,0,0.5,0.5,0,0,0,0
724,Tohoku-2010-030Aa,Central Japan,38.7,140,0,0,0.4,0.5,0,0.1,0,0
725,Tohoku-2010-030Ab,Central Japan,38.7,140,0,0,0.4,0.5,0,0.1,0,0
726,Tohoku-2010-030Ac,Central Japan,38.7,140,0,0,0.5,0.4,0,0.1,0,0
727,Tohoku-2010-030Ad,Central Japan,38.7,140,0,0,0.5,0.5,0,0.1,0,0
728,Tohoku-2010-030Ae,Central Japan,38.7,140,0,0,0.4,0.5,0,0,0,0
729,Tohoku-2010-030b,Central Japan,38.7,140,0,0,0.5,0.5,0,0,0,0
730,Tohoku-2010-030c,Central Japan,38.7,140,0,0,0.5,0.4,0,0.1,0,0
731,Tohoku-2010-030d,Central Japan,38.7,140,0,0,0.5,0.5,0,0.1,0,0
732,Tohoku-2010-030e,Central Japan,38.7,140,0,0,0.5,0.5,0,0,0,0
733,Tohoku-2010-031,Yangtze-Qinling,38.7,140,0.3,0.5,0,0,0.2,0,0,0
734,Tohoku-2010-032,Yangtze-Qinling,38.7,140,0.3,0.5,0,0,0.2,0,0,0
735,Tohoku-2010-033,Msa,38.7,139.9,0,0,0,0,0,0,1,0
736,Tohoku-2010-034,Msa,38.7,139.9,0,0,0,0,0,0,0.9,0
737,Tohoku-2010-035a,Central Japan,38.5,140,0,0,0.5,0.5,0,0.1,0,0
738,Tohoku-2010-035b,Central Japan,38.5,140,0,0,0.5,0.5,0,0.1,0,0
739,Tohoku-2010-035c,Central Japan,38.5,140,0,0,0.4,0.5,0,0.1,0,0
740,Tohoku-2010-035d,Central Japan,38.5,140,0,0,0.4,0.5,0,0.1,0,0
741,Tohoku-2010-035e,Central Japan,38.5,140,0,0,0.5,0.5,0,0.1,0,0
742,Tohoku-2010-036,Msa,38.4,140.3,0,0,0,0,0,0,1,0
743,Tohoku-2010-037,Msa,38.4,140.3,0,0,0,0,0,0.1,0.9,0
744,Tomatoh Corporation-1,Msa,42.6,141.8,0,0,0,0,0,0,1,0
745,Tomatoh Corporation-2,Msa,42.6,141.8,0,0,0,0,0,0,1,0
747,GZ-2010-007,SE China/tropical,24.4,113.2,0,0,0,0,0.9,0,0,0.1
748,JM0001.001,N Japan,44.2,142.1,0,0,0,1,0,0,0,0
749,JM0001.002,N Japan,44.2,142.1,0,0,0,1,0,0,0,0
750,JM0001.003,N Japan,44.2,142.1,0,0,0,0.9,0,0,0,0
751,JM0007.001,N Japan,43.9,141.7,0,0,0,1,0,0,0,0
752,JM0008.001,N Japan,44.2,142.4,0,0,0,1,0,0,0,0
753,JM0022.001,N Japan,43.4,141.9,0,0,0,1,0,0,0,0
754,JM0022.002,N Japan,43.4,141.9,0,0,0,1,0,0,0,0
755,JM0022.003,N Japan,43.4,141.9,0,0,0,0.9,0,0,0,0
756,JM0026.001,N Japan,43.3,141.5,0,0,0,1,0,0,0,0
757,JM0026.002,N Japan,43.3,141.5,0,0,0,1,0,0,0,0
758,JM0026.003,N Japan,43.3,141.5,0,0,0,1,0,0,0,0
759,JM0034.001,N Japan,43.2,141.3,0,0,0,1,0,0,0,0
760,JM0040.001,N Japan,43,141.3,0,0,0,1,0,0,0,0
761,JM0040.003,N Japan,43,141.3,0,0,0,1,0,0,0,0
762,JM0045.002,N Japan,43.2,140.9,0,0,0,1,0,0,0,0
763,JM0047.001,N Japan,43.3,140.6,0,0,0,1,0,0,0,0
764,JM0047.002,N Japan,43.3,140.6,0,0,0,1,0,0,0,0
765,JM0048.001,N Japan,43.3,140.4,0,0,0,0.9,0,0,0,0
766,JM0050.001,N Japan,43,140.6,0,0,0,1,0,0,0,0
767,JM0050.002,N Japan,43,140.6,0,0,0,1,0,0,0,0
768,JM0050.003,N Japan,43,140.6,0,0,0,0.9,0,0,0,0
769,JM0051.002,N Japan,42.8,140.7,0,0,0.1,0.9,0,0,0,0
770,JM0051.003,N Japan,42.8,140.7,0,0,0,1,0,0,0,0
771,JM0053.002,N Japan,42.2,140.4,0,0,0.1,0.9,0,0,0,0
772,JM0055.001,N Japan,42.4,140.3,0,0,0,0.9,0,0,0,0
773,JM0055.002,N Japan,42.4,140.3,0,0,0.1,0.9,0,0,0,0
774,JM0057.001,N Japan,42.5,140.2,0,0,0.1,0.9,0,0,0,0
775,JM0057.002,N Japan,42.5,140.2,0,0,0,1,0,0,0,0
776,JM0058.001,Central Japan,42.6,140.7,0,0,0.7,0.1,0,0.2,0,0
777,JM0058.002,Central Japan,42.6,140.7,0,0,0.7,0,0,0.2,0,0
778,JM0058.003,Central Japan,42.6,140.7,0,0,0.7,0.1,0,0.2,0,0
779,JM0059.001,N Japan,42.6,140.8,0,0,0.1,0.9,0,0,0,0
780,JM0059.002,N Japan,42.6,140.8,0,0,0,0.9,0,0,0,0
781,JM0061.002,N Japan,42.8,140.8,0,0,0.1,0.9,0,0,0,0
782,JM0062.001,N Japan,41.7,141,0,0,0.1,0.9,0,0,0,0
783,JM0062.002,N Japan,41.7,141,0,0,0.1,0.9,0,0,0,0
784,JM0062.003,N Japan,41.7,141,0,0,0.1,0.9,0,0,0,0
785,JM0069.001,N Japan,41.4,140.2,0,0,0.1,0.8,0,0,0,0
786,JM0069.002,N Japan,41.4,140.2,0,0,0.1,0.8,0,0,0,0
787,JM0073.002,N Japan,44.5,142.3,0,0,0.1,0.9,0,0,0,0
788,JM0075.002,N Japan,42,140.7,0,0,0.1,0.9,0,0,0,0
789,JM0076.001,N Japan,42.1,140.8,0,0,0.1,0.9,0,0,0,0
790,JM0076.002,N Japan,42.1,140.8,0,0,0.1,0.9,0,0,0,0
791,JM0079.001,N Japan,43.6,144.4,0,0,0,1,0,0,0,0
792,JM0079.002,N Japan,43.6,144.4,0,0,0,1,0,0,0,0
793,JM0080.001,N Japan,43.7,144.2,0,0,0,1,0,0,0,0
794,JM0085.001,N Japan,39.4,141.1,0,0,0.3,0.6,0,0,0,0
795,JM0085.002,N Japan,39.4,141.1,0,0,0,0.9,0,0,0,0
796,JM0085.003,N Japan,39.4,141.1,0,0,0,0.9,0,0,0,0
797,JM0091.001,Central Japan,36.6,139.6,0,0,0.6,0.1,0,0.2,0,0
798,JM0091.002,Central Japan,36.6,139.6,0,0,0.7,0.2,0,0.2,0,0
799,JM0093.001,N Japan,36,138.5,0,0,0,1,0,0,0,0
800,JM0094.001,Central Japan,36,138.5,0,0,0.7,0.1,0,0.2,0,0
801,JM0094.002,Central Japan,36,138.5,0,0,0.7,0.1,0,0.2,0,0
802,JM0094.003,Central Japan,36,138.5,0,0,0.7,0.1,0,0.2,0,0
803,JM0095.001,Central Japan,35.9,138.4,0,0,0.7,0.1,0,0.2,0,0
804,JM0095.002,Central Japan,35.9,138.4,0,0,0.7,0.1,0,0.2,0,0
805,JM0096.001,N Japan,35.9,138.4,0,0,0.3,0.7,0,0.1,0,0
806,JM0096.002,N Japan,35.9,138.4,0,0,0.3,0.6,0,0,0,0
807,JM0098.001,Central Japan,35.5,138.3,0,0,0.7,0.1,0,0.2,0,0
808,JM0098.002,Central Japan,35.5,138.3,0,0,0.7,0.1,0,0.2,0,0
809,JM0099.001,Central Japan,35.5,138.3,0,0,0.7,0.1,0,0.2,0,0
810,JM0118.001,S Japan,33.6,133.4,0,0,0.1,0,0,0.9,0,0
811,JM0118.002,N Japan,33.6,133.4,0,0,0,1,0,0,0,0
812,JM0118.003,S Japan,33.6,133.4,0,0,0.1,0,0,0.9,0,0
813,JM0119.001,S Japan,33.6,133.4,0,0,0.1,0,0,0.9,0,0
814,JM0119.002,S Japan,33.6,133.4,0,0,0.1,0,0,0.9,0,0
815,JM0125.001,S Japan,31.5,131.2,0,0,0.1,0,0,0.9,0,0
816,JM0125.002,S Japan,31.5,131.2,0,0,0.1,0,0,0.9,0,0
817,JM0134.001,S Japan,32.4,131.2,0,0,0.1,0,0,0.9,0,0
818,JM0134.002,N Japan,32.4,131.2,0,0,0,0.9,0,0,0,0
819,JM0216.001,N Japan,44.2,142.1,0,0,0,1,0,0,0,0
820,JM0216.002,N Japan,44.2,142.1,0,0,0,1,0,0,0,0
821,JM0220.001,N Japan,41.5,140.1,0,0,0.1,0.9,0,0,0,0
822,JM0220.002,N Japan,41.5,140.1,0,0,0.1,0.9,0,0,0,0
823,JM0229.001,Central Japan,34.8,136.5,0,0,0.8,0.1,0,0.1,0,0
824,JM0229.002,Central Japan,34.8,136.5,0,0,0.8,0.1,0,0.1,0,0
825,JM0232.001,S Japan,35,133.7,0,0,0.4,0,0,0.6,0,0
826,JM0232.002,S Japan,35,133.7,0,0,0.3,0,0,0.6,0,0
827,JM0233.001,S Japan,34.4,132.7,0,0,0.1,0,0,0.8,0,0
828,JM0233.002,S Japan,34.4,132.7,0,0,0.2,0,0,0.7,0,0
829,JM0239.001,S Japan,36,138.1,0,0,0.1,0,0,0.9,0,0
830,JM0239.002,S Japan,36,138.1,0,0,0.1,0,0,0.9,0,0
831,JM0295.001,N Japan,42.5,141.3,0,0,0,0.9,0,0,0,0
832,JM0295.002,N Japan,42.5,141.3,0,0,0.1,0.9,0,0,0,0
833,JM0296.001,N Japan,42.5,141.2,0,0,0,0.9,0,0,0,0
834,JM0296.002,N Japan,42.5,141.2,0,0,0,1,0,0,0,0
835,JM0297.001,N Japan,42.5,141.2,0,0,0,1,0,0,0,0
836,JM0297.002,N Japan,42.5,141.2,0,0,0,1,0,0,0,0
837,JM0298.001,N Japan,42.5,141.2,0,0,0,1,0,0,0,0
838,JM0298.002,N Japan,42.5,141.2,0,0,0,0.9,0,0,0,0
839,JM0300.001,N Japan,42.3,141,0,0,0,0.9,0,0,0,0
840,JM0300.002,N Japan,42.3,141,0,0,0,0.9,0,0,0,0
841,JM0303.002,N Japan,42.5,140.8,0,0,0,0.9,0,0,0,0
842,JM0304.001,N Japan,42.5,140.8,0,0,0,0.9,0,0,0,0
843,JM0304.002,N Japan,42.5,140.8,0,0,0,1,0,0,0,0
844,JM0307.001,N Japan,42.6,140.5,0,0,0,0.9,0,0,0,0
845,JM0307.002,N Japan,42.6,140.5,0,0,0,1,0,0,0,0
846,JM0308.002,N Japan,42.6,140.5,0,0,0,0.9,0,0,0,0
847,JM0310.001,N Japan,42.5,140.9,0,0,0.1,0.9,0,0,0,0
848,JM0310.002,N Japan,42.5,140.9,0,0,0.1,0.9,0,0,0,0
849,JM0311.001,N Japan,42.5,140.9,0,0,0.1,0.9,0,0,0,0
850,JM0311.002,N Japan,42.5,140.9,0,0,0.1,0.9,0,0,0,0
851,JM0315.001,N Japan,42.5,140.9,0,0,0,0.9,0,0,0,0
852,JM0315.002,N Japan,42.5,140.9,0,0,0,0.9,0,0,0,0
853,JM0317.001,N Japan,42.9,140.7,0,0,0,0.9,0,0,0,0
854,JM0317.002,N Japan,42.9,140.7,0,0,0,1,0,0,0,0
855,JM0318.001,N Japan,42.9,140.6,0,0,0,1,0,0,0,0
856,JM0318.002,N Japan,42.9,140.6,0,0,0,1,0,0,0,0
857,JM0319.001,N Japan,42.9,140.6,0,0,0,1,0,0,0,0
858,JM0319.002,N Japan,42.9,140.6,0,0,0,0.9,0,0,0,0
859,JM0325.001,N Japan,43.4,141.6,0,0,0,1,0,0,0,0
860,JM0325.002,N Japan,43.4,141.6,0,0,0,1,0,0,0,0
861,JM0326.001,N Japan,43.3,141.8,0,0,0,1,0,0,0,0
862,JM0341.002,N Japan,43.6,142.5,0,0,0,1,0,0,0,0
863,JM0342.001,N Japan,43.5,142.6,0,0,0,1,0,0,0,0
864,JM0342.002,N Japan,43.5,142.6,0,0,0,1,0,0,0,0
865,JM0346.001,N Japan,42.6,143.1,0,0,0,1,0,0,0,0
866,JM0346.002,N Japan,42.6,143.1,0,0,0,0.9,0,0,0,0
867,JM0347.001,N Japan,43.2,143.1,0,0,0,1,0,0,0,0
868,JM0347.002,N Japan,43.2,143.1,0,0,0,1,0,0,0,0
869,JM0353.001,N Japan,42,143.3,0,0,0.1,0.9,0,0,0,0
870,JM0353.002,N Japan,42,143.3,0,0,0.1,0.9,0,0,0,0
871,JM0358.001,N Japan,42.1,142.9,0,0,0.1,0.9,0,0,0,0
872,JM0361.001,S Japan,33,131.1,0,0,0,0,0,1,0,0
873,JM0361.002,S Japan,33,131.1,0,0,0,0,0,1,0,0
874,JM0362.001,S Japan,32.7,131.3,0,0,0,0,0,1,0,0
875,JM0362.002,S Japan,32.7,131.3,0,0,0.1,0,0,0.9,0,0
876,KMS005,Korea/N China,37.4,128.7,0.9,0,0,0,0,0,0,0
877,KMS008,Korea/N China,36.7,127,0.9,0,0,0,0,0.1,0,0
878,KMS009,Korea/N China,36.2,129,0.8,0,0,0,0,0.2,0,0
879,KMS011,Korea/N China,37.7,128.4,0.9,0,0,0,0,0,0,0
880,KMS014,Korea/N China,37.1,127.7,0.9,0,0,0,0,0,0,0
881,KMS016,Korea/N China,36.8,129.1,0.8,0.1,0,0,0,0,0,0
882,KMS018,Korea/N China,36.9,128.4,0.9,0,0,0,0,0.1,0,0
883,KMS020,Korea/N China,36.7,127.9,0.8,0,0,0,0,0.1,0,0
884,KMS021,S Japan,35.6,128.9,0.4,0,0,0,0,0.6,0,0
885,KMS023,Korea/N China,37.5,130.8,0.7,0,0,0.1,0,0.1,0,0
886,KMS024,Korea/N China,35.9,127.4,0.8,0,0,0,0,0.1,0,0
887,KMS030,Korea/N China,35.9,127.8,0.8,0,0,0,0,0.2,0,0
888,KMS031,Korea/N China,37.3,128.5,0.9,0,0,0,0,0.1,0,0
889,KMS034,Korea/N China,37.6,129,0.9,0,0,0,0,0.1,0,0
890,KMS035,Korea/N China,37.2,128.3,0.9,0,0,0,0,0,0,0
891,KMS036,Korea/N China,37.2,129,0.9,0,0,0,0,0.1,0,0
892,KMS037,Korea/N China,37.5,129.1,0.5,0,0,0,0,0.4,0,0
893,KMS038,Korea/N China,37.2,128.9,0.9,0,0,0,0,0.1,0,0
894,KMS039,Korea/N China,38,127.4,0.9,0,0,0,0,0,0,0
895,KMS040,Korea/N China,38,127.5,0.9,0,0,0,0,0.1,0,0
896,KMS042,Korea/N China,38.2,128.6,0.9,0,0,0,0,0.1,0,0
897,KMS044,Korea/N China,38.2,128,0.9,0,0,0,0,0,0,0
898,KMS045,Korea/N China,38.3,128.4,0.9,0,0,0,0,0,0,0
899,KMS046,Korea/N China,38.2,127.7,0.9,0,0,0,0,0.1,0,0
900,KMS048,Korea/N China,38.2,127.5,0.9,0,0,0,0,0.1,0,0
901,KMS049,Korea/N China,37.9,128.1,1,0,0,0,0,0,0,0
902,KMS050,Korea/N China,38.1,128.4,0.9,0,0,0,0,0,0,0
903,KMS051,Korea/N China,35.3,129,0.9,0,0,0,0,0.1,0,0
904,KMS053,Msa,35.4,129.1,0,0,0,0,0,0,0.9,0
905,KMS054,Korea/N China,35.7,128.4,0.9,0,0,0,0,0.1,0,0
906,KMS055,Korea/N China,35.7,128.4,0.9,0,0,0,0,0.1,0,0
907,KMS056,Korea/N China,37,128.2,0.9,0,0,0,0,0.1,0,0
908,KMS057,Korea/N China,35.4,128.5,0.9,0,0,0,0,0.1,0,0
909,KMS058,Korea/N China,35.2,129,0.8,0,0,0,0,0.2,0,0
910,KMS059,Korea/N China,36,128.3,0.8,0,0,0,0,0.2,0,0
911,KMS060,Korea/N China,37,127.8,0.9,0,0,0,0,0.1,0,0
912,KMS061,Korea/N China,36.1,128.3,0.8,0,0,0,0,0.2,0,0
913,KMS062,Msa,36.3,129.1,0,0,0,0,0,0,0.9,0
914,KMS063,Korea/N China,35.3,128.7,0.8,0,0,0,0,0.2,0,0
915,KMS064,Korea/N China,36.5,128.7,0.9,0,0,0,0,0.1,0,0
916,KMS065,Korea/N China,36.4,128.7,0.8,0,0,0,0,0.1,0,0
917,KMS066,Korea/N China,36.7,128.5,0.9,0,0,0,0,0.1,0,0
918,KMS067,Korea/N China,35.3,128.5,0.8,0,0,0,0,0.2,0,0
919,KMS068,Korea/N China,35.2,128.3,0.9,0,0,0,0,0.1,0,0
920,KMS069,Korea/N China,36,129.2,0.9,0,0,0,0,0.1,0,0
921,KMS070,Korea/N China,37.5,127.3,0.9,0,0,0,0,0,0,0
922,KMS071,Korea/N China,37.6,126.8,0.8,0,0,0,0,0.1,0,0
923,KMS072,Korea/N China,37.9,127.3,0.9,0.1,0,0,0,0,0,0
924,KMS074,Korea/N China,38,127,1,0,0,0,0,0,0,0
925,KMS075,Korea/N China,36.8,126.6,1,0,0,0,0,0,0,0
926,KMS076,Korea/N China,35.1,127,0.8,0.2,0,0,0,0,0,0
927,KMS077,Korea/N China,36.8,126.6,0.8,0.2,0,0,0,0,0,0
928,KMS078,Korea/N China,36.3,126.9,0.8,0.1,0,0,0,0,0,0
929,KMS079,Korea/N China,36.3,126.9,0.8,0.2,0,0,0,0,0,0
930,KMS080,Korea/N China,35.9,127.1,0.8,0,0,0,0,0.2,0,0
931,KMS081,Korea/N China,36.5,127.2,0.9,0,0,0,0,0,0,0
932,KMS082,Korea/N China,36.5,127.1,0.9,0,0,0,0,0.1,0,0
933,KMS083,Korea/N China,35.3,126.6,0.9,0.1,0,0,0,0,0,0
934,KMS084,Korea/N China,37.9,127.7,0.9,0,0,0,0,0.1,0,0
935,KMS085,Korea/N China,36.3,126.6,0.8,0.2,0,0,0,0,0,0
936,KMS086,Korea/N China,35.7,127,0.8,0.2,0,0,0,0,0,0
937,KMS087,Korea/N China,35,127.5,1,0,0,0,0,0,0,0
938,KMS089,Korea/N China,34.8,127.1,0.8,0.2,0,0,0,0,0,0
939,KMS090,Korea/N China,35.4,127.3,0.9,0,0,0,0,0.1,0,0
940,KMS091,Korea/N China,36.5,126.6,0.9,0.1,0,0,0,0,0,0
941,KMS092,Korea/N China,34.6,126.6,0.8,0.1,0,0,0,0,0,0
942,KMS093,Korea/N China,37.8,127.8,0.9,0,0,0,0,0.1,0,0
943,KMS095,Korea/N China,36,127.1,0.9,0,0,0,0,0.1,0,0
944,KMS096,Korea/N China,36,127.1,0.9,0,0,0,0,0.1,0,0
945,KMS097,Korea/N China,35,126.7,0.8,0.2,0,0,0,0,0,0
946,KMS098,Korea/N China,35.7,126.9,0.9,0,0,0,0,0,0,0
947,KMS099,Korea/N China,35.4,126.8,0.8,0.2,0,0,0,0,0,0
948,KMS100,Korea/N China,34.8,126.4,0.9,0.1,0,0,0,0,0,0
949,KMS101,Korea/N China,36,127.1,0.9,0,0,0,0,0.1,0,0
950,KMS102,Korea/N China,35,126.8,0.8,0.2,0,0,0,0,0,0
951,KMS103,Korea/N China,35.2,126.5,0.8,0.1,0,0,0,0,0,0
952,KMS104,Korea/N China,35.3,126.8,0.8,0.1,0,0,0,0,0,0
953,KMS105,Korea/N China,35.4,127.4,0.8,0.1,0,0,0,0,0,0
954,KMS107,Korea/N China,36.3,127.3,0.8,0.2,0,0,0,0,0,0
955,KMS108,Korea/N China,38.2,128,0.9,0,0,0,0,0.1,0,0
956,KMS109,Korea/N China,37.3,127.2,0.9,0,0,0,0,0,0,0
957,KMS110,Korea/N China,37.1,126.9,0.9,0,0,0,0,0,0,0
958,KMS111,Korea/N China,37.1,126.9,0.9,0,0,0,0,0.1,0,0
959,KMS112,Korea/N China,38,128.1,0.9,0,0,0,0,0.1,0,0
960,KMS113,Korea/N China,36.9,127.5,0.9,0,0,0,0,0,0,0
961,KMS115,Korea/N China,36.5,127.5,0.9,0,0,0,0,0.1,0,0
962,KMS116,Korea/N China,37,127.6,0.8,0,0,0,0,0.1,0,0
963,KMS117,Korea/N China,36.4,127.7,0.9,0,0,0,0,0.1,0,0
964,KMS118,Korea/N China,37.5,128.9,0.9,0,0,0,0,0,0,0
965,KMS119,Korea/N China,37.4,128.6,0.9,0,0,0,0,0.1,0,0
966,KMS120,Korea/N China,37.4,128.2,0.9,0,0,0,0,0.1,0,0
967,KMS121,Korea/N China,37.4,128.3,0.9,0,0,0,0,0,0,0
968,KMS122,Korea/N China,37.4,128.4,0.9,0,0,0,0,0,0,0
969,KMS123,Korea/N China,37.5,128.8,0.9,0,0,0,0,0.1,0,0
970,KMS124,Korea/N China,37.5,127.8,0.9,0,0,0,0,0,0,0
971,KMS125,Korea/N China,37.5,127.8,0.9,0,0,0,0,0,0,0
972,KMS126,Korea/N China,37.4,128,0.9,0,0,0,0,0,0,0
973,KMS127,Korea/N China,37.6,127.8,0.9,0,0,0,0,0,0,0
974,KMS128,Korea/N China,37.1,127.7,1,0,0,0,0,0,0,0
975,KMS129,Korea/N China,37,129.1,0.9,0,0,0,0,0.1,0,0
976,KMS130,Korea/N China,37.5,128.2,0.9,0,0,0,0,0.1,0,0
977,KMS131,Korea/N China,37.1,129.2,0.9,0,0,0,0,0.1,0,0
978,KMS132,Korea/N China,37.7,128.9,0.9,0,0,0,0,0.1,0,0
979,KMS133,Korea/N China,37.9,127.8,0.9,0,0,0,0,0.1,0,0
980,KMS134,Korea/N China,37.1,129,0.9,0,0,0,0,0.1,0,0
981,KMS135,Korea/N China,37.1,128.2,0.9,0,0,0,0,0.1,0,0
982,KMS136,Korea/N China,37.5,128.3,0.9,0,0,0,0,0.1,0,0
983,KMS137,Korea/N China,37.5,129.1,0.9,0,0,0,0,0.1,0,0
984,KMS138,Korea/N China,37.7,128.1,1,0,0,0,0,0,0,0
985,KMS139,Korea/N China,37.4,128.6,0.9,0,0,0,0,0,0,0
986,KMS140,Korea/N China,36.4,129.2,0.9,0,0,0,0,0.1,0,0
987,KMS141,Korea/N China,36.7,129.3,0.9,0,0,0,0,0,0,0
988,KMS142,Korea/N China,37.5,128.2,0.9,0,0,0,0,0,0,0
989,KMS143,Korea/N China,37.6,128.2,0.9,0,0,0,0,0,0,0
990,KMS144,Korea/N China,36.9,129.2,1,0,0,0,0,0,0,0
991,KMS145,Korea/N China,37.6,128.4,0.9,0,0,0,0,0.1,0,0
992,KMS146,Korea/N China,37.8,127.9,1,0,0,0,0,0,0,0
993,KMS147,Korea/N China,37.6,127.9,0.9,0,0,0,0,0,0,0
994,KMS148,Korea/N China,37.9,127.7,0.9,0,0,0,0,0.1,0,0
995,KMS149,Korea/N China,38.2,128.4,0.9,0,0,0,0,0.1,0,0
996,KMS150,Korea/N China,38.1,128.2,0.9,0,0,0,0,0.1,0,0
997,KMS151,Korea/N China,38.2,128.3,1,0,0,0,0,0,0,0
998,KMS152,Korea/N China,38.2,128.2,0.9,0,0,0,0,0.1,0,0
999,KMS153,Korea/N China,38.2,128,1,0,0,0,0,0,0,0
1000,KMS154,Korea/N China,38.1,128.7,0.9,0,0,0,0,0.1,0,0
1001,KMS155,Korea/N China,38.2,127.8,1,0,0,0,0,0,0,0
1002,KMS156,Korea/N China,38,127.8,1,0,0,0,0,0,0,0
1003,KMS158,Korea/N China,38,128.2,0.9,0,0,0,0,0,0,0
1004,KMS159,Korea/N China,37.8,128.5,0.9,0,0,0,0,0.1,0,0
1005,KMS160,Korea/N China,38.2,127.4,1,0,0,0,0,0,0,0
1006,KMS161,Korea/N China,38.2,127.5,1,0,0,0,0,0,0,0
1007,KMS162,Korea/N China,37.7,127.4,0.9,0,0,0,0,0.1,0,0
1008,KMS163,Korea/N China,37.7,127.4,0.9,0,0,0,0,0,0,0
1009,KMS164,Korea/N China,37.9,127.8,1,0,0,0,0,0,0,0
1010,KMS165,Korea/N China,37.9,127.5,0.9,0,0,0,0,0.1,0,0
1011,KMS166,Korea/N China,38,127.8,0.9,0,0,0,0,0,0,0
1012,KMS167,Korea/N China,38,127.9,0.9,0,0,0,0,0.1,0,0
1013,KMS168,Korea/N China,38.1,128.1,1,0,0,0,0,0,0,0
1014,KMS169,Korea/N China,38,128,0.9,0,0,0,0,0,0,0
1015,KMS170,Korea/N China,37.7,128.2,0.9,0,0,0,0,0,0,0
1016,KMS171,Korea/N China,37.8,128.9,0.9,0,0,0,0,0,0,0
1017,KMS172,Korea/N China,36.9,128.8,0.9,0,0,0,0,0,0,0
1018,KMS173,Korea/N China,37.1,129,1,0,0,0,0,0,0,0
1019,KMS174,Korea/N China,37.9,127.8,0.9,0,0,0,0,0.1,0,0
1020,KMS175,Korea/N China,38.1,127.1,0.9,0,0,0,0,0,0,0
1021,KMS176,Korea/N China,38,127.8,0.9,0,0,0,0,0,0,0
1022,KMS177,Korea/N China,37.8,127.7,0.9,0,0,0,0,0.1,0,0
1023,KMS201,Korea/N China,37.5,128,0.9,0,0,0,0,0.1,0,0
1024,KMS202,Korea/N China,37.7,127.7,1,0,0,0,0,0,0,0
1025,KMS203,Korea/N China,38.1,127.5,0.9,0,0,0,0,0.1,0,0
1026,KMS204,Korea/N China,37.9,127.6,0.9,0,0,0,0,0,0,0
1027,KMS205,Korea/N China,36.9,128,0.9,0,0,0,0,0,0,0
1028,KMS206,Korea/N China,37.1,128,1,0,0,0,0,0,0,0
1029,KMS207,Korea/N China,37.1,128.2,0.9,0,0,0,0,0,0,0
1030,KMS208,Korea/N China,37.2,128.3,0.9,0,0,0,0,0,0,0
1031,KMS209,Korea/N China,37.1,128.2,1,0,0,0,0,0,0,0
1032,KMS210,Korea/N China,36.8,127.9,0.9,0,0,0,0,0,0,0
1033,KMS211,Korea/N China,37.2,126.9,1,0,0,0,0,0,0,0
1034,KMS213,Korea/N China,37.3,128,1,0,0,0,0,0,0,0
1035,KMS215,Korea/N China,38.2,127.5,0.9,0,0,0,0,0.1,0,0
1036,KMS216,Korea/N China,35.4,126.7,0.9,0,0,0,0,0.1,0,0
1037,KMS217,Korea/N China,34.6,126.6,0.9,0,0,0,0,0.1,0,0
1038,KMS218,Korea/N China,37.9,127.3,0.9,0,0,0,0,0.1,0,0
1039,KMS219,Korea/N China,37.2,129,0.9,0,0,0,0,0.1,0,0
1040,KMS221,Korea/N China,38,127.3,0.9,0,0,0,0,0.1,0,0
1041,KMS223,Korea/N China,36.8,127.6,0.9,0,0,0,0,0.1,0,0
1042,KMS224,Korea/N China,37.1,127.9,0.9,0,0,0,0,0.1,0,0
1043,KMS225,Korea/N China,37.8,128.9,0.9,0,0,0,0,0.1,0,0
1044,KMS226,Korea/N China,37.6,127.7,0.9,0,0,0,0,0.1,0,0
1045,KMS227,Korea/N China,37.2,128.4,0.9,0,0,0,0,0.1,0,0
1046,KMS229,Korea/N China,36.4,128.7,0.9,0,0,0,0,0.1,0,0
1047,KMS230,Korea/N China,36.4,129.1,0.9,0,0,0,0,0.1,0,0
1048,KMS231,Korea/N China,35.9,129.2,0.9,0,0,0,0,0.1,0,0
1049,KMS233,Korea/N China,35.4,126.7,0.9,0,0,0,0,0.1,0,0
1050,KMS234,Korea/N China,35.1,127,1,0,0,0,0,0,0,0
1051,KMS235,Korea/N China,35.8,127.2,1,0,0,0,0,0,0,0
1052,KMS236,Korea/N China,35.7,127.2,1,0,0,0,0,0,0,0
1053,KMS237,Korea/N China,35.2,128.1,1,0,0,0,0,0,0,0
1054,KMS238,Korea/N China,35.2,128.6,1,0,0,0,0,0,0,0
1055,KMS239,Korea/N China,35.6,126.9,1,0,0,0,0,0,0,0
1056,KMS240,Korea/N China,36.9,126.6,1,0,0,0,0,0,0,0
1057,KMS241,Korea/N China,36.3,126.6,1,0,0,0,0,0,0,0
1058,KMS243,Korea/N China,37.3,127.6,1,0,0,0,0,0,0,0
1059,KMS245,Korea/N China,37.8,126.8,1,0,0,0,0,0,0,0
1060,KMS247,Korea/N China,35,127.5,1,0,0,0,0,0,0,0
1061,KMS248,Korea/N China,37.6,128.3,0.9,0,0,0,0,0,0,0
1062,KMS249,Korea/N China,36.7,129.4,1,0,0,0,0,0,0,0
1063,Onna-1a,SE China/tropical,26.4,127.8,0,0,0,0,0.7,0.1,0,0.1
1072,PMS-005,Sichuan,29.9,109.6,0,0.2,0,0,0.2,0,0,0.5
1074,PMS-008,Yangtze-Qinling,30.8,110.1,0,0.5,0,0,0.1,0,0,0.3
1076,PMS-011,Sichuan,30.3,109.1,0,0.3,0,0,0.1,0,0,0.7
1077,PMS-013,Sichuan,30,109.1,0,0.1,0,0,0.1,0,0,0.8
1079,PMS-018,Sichuan,29.4,108.1,0,0,0,0,0,0,0,0.9
1080,PMS-023,Sichuan,29.9,107.7,0,0,0,0,0.1,0,0,0.9
1082,PMS-041,Sichuan,28.8,105.7,0,0,0,0,0,0,0,1
1083,PMS-044,Sichuan,28.7,105.1,0,0,0,0,0,0,0,1
1085,PMS-049,Sichuan,28.9,104.9,0,0,0,0,0,0,0,0.9
1086,PMS-052,Sichuan,28.9,104.5,0,0,0,0,0,0,0,0.9
1087,PMS-053,Sichuan,30.2,103.5,0,0.1,0,0,0,0,0,0.9
1088,PMS-054,Sichuan,30.1,103.1,0,0,0,0,0,0,0,0.9
1089,PMS-055,Sichuan,30.1,103,0,0.1,0,0,0,0,0,0.9
1090,PMS-058,Sichuan,30.2,102.9,0,0,0,0,0,0,0,0.9
1091,PMS-060,Sichuan,30.1,103,0,0,0,0,0,0,0,0.9
1092,PMS-065,Sichuan,29.8,102.8,0,0,0,0,0,0,0,1
1093,PMS-066,Sichuan,30.6,104.2,0,0.1,0,0,0,0,0,0.9
1094,PMS-067,Sichuan,30.6,104.3,0,0.1,0,0,0,0,0,0.9
1095,PMS-069,Sichuan,30.5,104.4,0,0.1,0,0,0,0,0,0.9
1096,PMS-070,Msa,30.9,104.5,0,0,0,0,0,0,1,0
1102,PMS-080,Yangtze-Qinling,30.8,111.3,0.1,0.7,0,0,0.1,0,0,0.2
1103,PMS-081,Yangtze-Qinling,30.9,111.4,0.1,0.6,0,0,0.1,0,0,0.2
1104,PMS-082,Yangtze-Qinling,30.9,111.3,0,0.6,0,0,0.1,0,0,0.3
1105,PMS-083,Yangtze-Qinling,31.2,110.9,0,0.7,0,0,0,0,0,0.3
1106,PMS-084,Yangtze-Qinling,31.1,110.8,0,0.6,0,0,0.1,0,0,0.4
1107,PMS-085,Yangtze-Qinling,31.4,110.6,0,0.6,0,0,0.1,0,0,0.3
1108,PMS-086,Yangtze-Qinling,31.3,110.6,0,0.8,0,0,0,0,0,0.2
1110,PMS-088,Yangtze-Qinling,31.5,110.4,0,0.8,0,0,0,0,0,0.2
1111,PMS-089,Yangtze-Qinling,31.5,110.4,0,0.8,0,0,0,0,0,0.2
1112,PMS-091,Yangtze-Qinling,31.6,110.4,0,1,0,0,0,0,0,0
1113,PMS-093,Yangtze-Qinling,31.8,110.5,0,1,0,0,0,0,0,0
1114,PMS-094,Yangtze-Qinling,31.8,110.5,0,1,0,0,0,0,0,0
1115,PMS-099,Yangtze-Qinling,31.9,110.5,0,1,0,0,0,0,0,0
1116,PMS-101,Yangtze-Qinling,32.1,110.5,0,0.9,0,0,0,0,0,0
1117,PMS-102,Yangtze-Qinling,32.1,110.5,0,1,0,0,0,0,0,0
1118,PMS-103,Yangtze-Qinling,32.2,110.3,0,1,0,0,0,0,0,0
1119,PMS-107,Yangtze-Qinling,32.4,110.5,0,0.9,0,0,0,0,0,0
1120,PMS-108,Yangtze-Qinling,32.4,109.3,0,1,0,0,0,0,0,0
1123,PMS-115,Yangtze-Qinling,33,108.1,0,0.9,0,0,0,0,0,0.1
1124,PMS-116,Yangtze-Qinling,33,108.1,0,0.9,0,0,0,0,0,0
1125,PMS-117,Yangtze-Qinling,33,108,0,0.9,0,0,0,0,0,0
1126,PMS-118,Yangtze-Qinling,33,107.7,0,0.8,0,0,0,0,0,0.1
1128,PMS-121,Yangtze-Qinling,33,107.4,0,0.9,0,0,0,0,0,0.1
1129,PMS-122,Yangtze-Qinling,33,106.3,0,1,0,0,0,0,0,0
1130,PMS-124,Yangtze-Qinling,33,106.3,0,0.9,0,0,0,0,0,0.1
1131,PMS-125,Yangtze-Qinling,33,106.2,0,1,0,0,0,0,0,0
1133,PMS-129,Yangtze-Qinling,33.1,104.7,0,1,0,0,0,0,0,0
1136,PMS-132,Yangtze-Qinling,33.7,105.5,0,0.8,0,0,0,0,0,0.2
1137,PMS-133,Yangtze-Qinling,33.7,105.6,0,1,0,0,0,0,0,0
1139,PMS-136,Yangtze-Qinling,33.8,106.2,0,0.9,0,0,0,0,0,0
1140,PMS-138,Yangtze-Qinling,33.9,106.4,0,1,0,0,0,0,0,0
1141,PMS-140,Yangtze-Qinling,34,106.7,0,1,0,0,0,0,0,0
1143,PMS-151,Yangtze-Qinling,33.5,110.9,0,1,0,0,0,0,0,0
1144,PMS-156,Yangtze-Qinling,33.7,111.1,0,1,0,0,0,0,0,0
1148,PMS-163,Yangtze-Qinling,35.7,112.7,0,0.9,0,0,0,0,0,0
1150,PMS-165,Yangtze-Qinling,37.3,114.3,0.3,0.6,0,0,0,0,0,0
1152,PMS-168,Yangtze-Qinling,37.3,114.2,0.3,0.7,0,0,0,0,0,0
1153,PMS-169,Yangtze-Qinling,34.5,113,0,1,0,0,0,0,0,0
1154,PMS-170,Yangtze-Qinling,34.5,113,0,1,0,0,0,0,0,0
1155,PMS-171,Yangtze-Qinling,34.5,113,0,1,0,0,0,0,0,0
1156,PMS-172,Yangtze-Qinling,34.5,113,0,0.9,0,0,0,0,0,0
1157,PMS-174,Yangtze-Qinling,34.5,113,0,0.9,0,0,0,0,0,0
1158,PMS-176,Yangtze-Qinling,34.5,113,0,1,0,0,0,0,0,0
1160,PMS-180,Yangtze-Qinling,31.9,115.4,0.3,0.6,0,0,0.1,0,0,0
1161,PMS-182,SE China/tropical,31.8,115.5,0.1,0.3,0,0,0.6,0,0,0
1163,PMS-184,Yangtze-Qinling,31.7,115.5,0.3,0.6,0,0,0.1,0,0,0
1164,PMS-189,Yangtze-Qinling,31.8,115.5,0.3,0.6,0,0,0.1,0,0,0
1165,PMS-190,Yangtze-Qinling,31.8,115.5,0.3,0.6,0,0,0.1,0,0,0
1166,PMS-192,SE China/tropical,31.8,115.4,0,0.2,0,0,0.7,0,0,0
1167,PMS-193,Yangtze-Qinling,31.6,115.3,0.2,0.6,0,0,0.1,0,0,0
1169,PMS-195,SE China/tropical,31.5,115.3,0,0.3,0,0,0.7,0,0,0
1170,PMS-196,Yangtze-Qinling,31.5,115.3,0.2,0.7,0,0,0.1,0,0,0
1171,PMS-197,Yangtze-Qinling,31.5,115.3,0.2,0.6,0,0,0.1,0,0,0
1172,PMS-199,Yangtze-Qinling,31.5,115.2,0.2,0.4,0,0,0.4,0,0,0
1173,PMS-200,Yangtze-Qinling,31.6,115.2,0.2,0.6,0,0,0.1,0,0,0
1174,PMS-201,Yangtze-Qinling,31.6,115.1,0.2,0.6,0,0,0.1,0,0,0
1175,PMS-202,Yangtze-Qinling,31.7,115,0.2,0.6,0,0,0.1,0,0,0
1176,PMS-203,Yangtze-Qinling,31.7,114.9,0.2,0.6,0,0,0.2,0,0,0
1178,PMS-206,Yangtze-Qinling,31.6,114.8,0.2,0.6,0,0,0.1,0,0,0
1179,PMS-208,Yangtze-Qinling,31.4,114.6,0.2,0.6,0,0,0.2,0,0,0
1180,PMS-211,SE China/tropical,31,114.6,0.1,0.2,0,0,0.7,0,0,0
1183,PMS-215,Sichuan,26.8,108.6,0,0,0,0,0.2,0,0,0.7
1184,PMS-216,Sichuan,26.8,108.6,0,0,0,0,0.2,0.1,0,0.7
1185,PMS-218,Sichuan,26.8,108.5,0,0,0,0,0.1,0,0,0.8
1186,PMS-222,Sichuan,26.6,108.2,0,0,0,0,0.1,0,0,0.9
1188,PMS-224,Sichuan,26.6,108.1,0,0,0,0,0.1,0,0,0.9
1189,PMS-225,Sichuan,26.6,108,0,0,0,0,0.1,0,0,0.9
1190,PMS-226,Sichuan,26.6,106.8,0,0,0,0,0,0,0,1
1191,PMS-227,Sichuan,26.6,106.8,0,0,0,0,0,0,0,1
1192,PMS-228,Sichuan,26.6,106.8,0,0,0,0,0,0,0,1
1193,PMS-230,Sichuan,26.6,106.8,0,0,0,0,0,0,0,0.9
1194,PMS-231,Sichuan,26.6,106.8,0,0,0,0,0,0,0,0.9
1195,PMS-232,Sichuan,26.6,106.6,0,0,0,0,0,0,0,1
1196,PMS-235,Sichuan,26.7,106.6,0,0,0,0,0,0,0,0.9
1197,PMS-237,Sichuan,26.6,106.6,0,0,0,0,0,0,0,1
1198,PMS-240,Sichuan,26.4,106.7,0,0,0,0,0,0,0,1
1199,PMS-249,Sichuan,23.3,104.3,0,0,0,0,0.3,0,0,0.7
1200,PMS-250,Sichuan,23.3,104.3,0,0,0,0,0.3,0,0,0.7
1201,PMS-251,Sichuan,23.3,104.3,0,0,0,0,0.3,0,0,0.7
1202,PMS-252,Sichuan,23.3,104.4,0,0,0,0,0.3,0,0,0.7
1203,PMS-256,Sichuan,23.3,104.4,0,0,0,0,0.3,0,0,0.7
1206,PMS-260,Sichuan,23.3,104.6,0,0,0,0,0.2,0,0,0.8
1207,PMS-264,Sichuan,24.2,102.4,0,0,0,0,0.3,0,0,0.7
1208,PMS-268,Sichuan,24.2,102.4,0,0,0,0,0.3,0,0,0.7
1209,PMS-270,Sichuan,24.2,102.4,0,0,0,0,0.3,0,0,0.7
1211,PMS-273,Yangtze-Qinling,28.7,116.5,0.2,0.4,0,0,0.3,0,0,0
1212,PMS-276,SE China/tropical,28.7,116.9,0,0,0,0,0.4,0,0.6,0
1213,PMS-277,Yangtze-Qinling,28.7,117,0.1,0.4,0,0,0.4,0,0,0
1215,PMS-280,Yangtze-Qinling,29.2,117.1,0.2,0.4,0,0,0.4,0,0.1,0
1216,PMS-281,Yangtze-Qinling,29.3,117.1,0.1,0.4,0,0,0.3,0,0,0
1217,PMS-284,Yangtze-Qinling,29.5,118.2,0.2,0.4,0,0,0.3,0,0,0
1219,PMS-288,Yangtze-Qinling,30,118.4,0.3,0.4,0,0,0.3,0,0,0
1220,PMS-291,Yangtze-Qinling,30.3,118.8,0.3,0.5,0,0,0.2,0,0,0
1222,PMS-296,Yangtze-Qinling,31.2,120.4,0.5,0.4,0,0,0.1,0,0,0
1223,PMS-297,Yangtze-Qinling,31.1,120.4,0.4,0.4,0,0,0.1,0,0,0
1224,PMS-299,Yangtze-Qinling,31.1,120.4,0.4,0.4,0,0,0.1,0,0.1,0
1226,PMS-301,Yangtze-Qinling,30.8,120.1,0.4,0.5,0,0,0.2,0,0,0
1228,PMS-304,Yangtze-Qinling,30,119.9,0.3,0.4,0,0,0.2,0,0,0
1229,PMS-305,Yangtze-Qinling,29.9,119.9,0.3,0.4,0,0,0.3,0,0,0
1231,PMS-307,Yangtze-Qinling,29.9,119.8,0.3,0.4,0,0,0.3,0,0,0
1232,PMS-308,Yangtze-Qinling,29.8,119.7,0.3,0.4,0,0,0.3,0,0,0
1233,PMS-310,Yangtze-Qinling,29.6,119.7,0.3,0.4,0,0,0.3,0,0,0
1234,PMS-311,Yangtze-Qinling,29.6,119.8,0.2,0.4,0,0,0.4,0,0,0
1236,PMS-317,SE China/tropical,26.3,119.5,0,0.2,0,0,0.7,0.1,0,0
1237,PMS-318,SE China/tropical,26.2,119.5,0.1,0.2,0.1,0,0.6,0.1,0,0
1238,PMS-321,SE China/tropical,26,119.2,0,0.2,0,0,0.7,0.1,0,0
1239,PMS-322,SE China/tropical,26,119.2,0,0.2,0,0,0.6,0.1,0,0
1240,PMS-323,SE China/tropical,26,119.2,0,0.2,0,0,0.6,0.1,0,0
1241,PMS-325,SE China/tropical,26.3,117.7,0,0.1,0,0,0.8,0.1,0,0
1242,PMS-327,SE China/tropical,26.1,117.5,0,0.1,0,0,0.7,0.1,0,0.1
1243,PMS-329,SE China/tropical,26,117.4,0,0.1,0,0,0.8,0,0,0
1245,PMS-331,SE China/tropical,25.9,117.3,0,0.1,0,0,0.8,0,0,0
1246,PMS-332,SE China/tropical,25.8,117.2,0,0.1,0,0,0.8,0,0,0
1247,PMS-333,SE China/tropical,25.8,117.2,0,0.1,0,0,0.8,0.1,0,0.1
1248,PMS-335,SE China/tropical,25.9,116.1,0.1,0.2,0,0,0.6,0,0,0
1249,PMS-336,SE China/tropical,25.9,116,0.1,0.3,0,0,0.6,0,0,0
1250,PMS-337,SE China/tropical,25.8,116,0.1,0.2,0,0,0.6,0,0,0
1251,PMS-338,SE China/tropical,25.7,115.9,0.1,0.2,0,0,0.7,0,0,0
1253,PMS-340,SE China/tropical,25.6,115.8,0,0.2,0,0,0.7,0.1,0,0
1254,PMS-341,SE China/tropical,25.5,115.8,0,0.1,0,0,0.8,0,0,0
1255,PMS-342,SE China/tropical,25.4,115.8,0,0.2,0,0,0.8,0,0,0
1256,PMS-343,SE China/tropical,25.4,115.8,0.1,0.1,0,0,0.8,0,0,0
1257,PMS-344,SE China/tropical,25.2,115.7,0,0.1,0,0,0.8,0,0,0
1258,PMS-345,SE China/tropical,24.3,116,0,0.1,0,0,0.8,0.1,0,0
1260,PMS-348,SE China/tropical,24.2,115.8,0,0.1,0,0,0.9,0,0,0
1261,PMS-349,SE China/tropical,24.2,115.8,0.1,0.2,0,0,0.7,0,0,0
1262,PMS-350,SE China/tropical,24.1,115.7,0,0.1,0,0,0.9,0,0,0
1263,PMS-351,SE China/tropical,24.1,115.6,0,0.1,0,0,0.9,0,0,0
1264,PMS-352,SE China/tropical,24.1,115.5,0,0.1,0,0,0.9,0,0,0
1265,PMS-353,SE China/tropical,24.1,115.5,0,0.1,0,0,0.8,0,0,0
1266,PMS-354,SE China/tropical,24.1,115.4,0,0.1,0,0,0.8,0,0,0
1267,PMS-356,SE China/tropical,23.2,112.6,0,0.1,0,0,0.9,0,0,0
1269,PMS-361,SE China/tropical,22.8,112.2,0,0,0,0,0.8,0,0,0.2
1270,PMS-364,SE China/tropical,22.5,112.2,0,0,0,0,0.8,0,0,0.1
1271,PMS-368,SE China/tropical,21.6,110.5,0,0,0,0,0.6,0,0,0.3
1272,PMS-369,SE China/tropical,21.5,110.4,0,0,0,0,0.7,0,0,0.3
1274,PMS-372,SE China/tropical,20.5,110,0,0,0,0,0.7,0,0,0.3
1276,PMS-377,SE China/tropical,19.4,110.2,0,0,0,0,0.7,0,0,0.3
1277,PMS-380,SE China/tropical,19,109.8,0,0,0,0,0.8,0,0,0.2
1279,PMS-382,SE China/tropical,18.9,109.5,0,0,0,0,0.7,0,0,0.2
1280,PMS-384,SE China/tropical,18.7,109.6,0,0,0,0,0.6,0,0,0.3
1281,PMS-385,SE China/tropical,21.9,108.7,0,0,0,0,0.6,0,0,0.4
1282,PMS-387,SE China/tropical,22,108.6,0,0,0,0,0.5,0,0,0.5
1283,PMS-388,SE China/tropical,22.1,108.6,0,0,0,0,0.6,0,0,0.4
1284,PMS-389,SE China/tropical,22.2,108.5,0,0,0,0,0.5,0,0,0.5
1285,PMS-390,SE China/tropical,22.2,108.4,0,0,0,0,0.4,0,0,0.5
1286,PMS-391,SE China/tropical,22.3,108.4,0,0,0,0,0.5,0,0,0.5
1287,PMS-392,SE China/tropical,22.4,108.4,0,0.1,0,0,0.9,0,0,0
1288,PMS-395,SE China/tropical,24.5,109.8,0,0.1,0,0,0.6,0,0,0.3
1289,PMS-396,SE China/tropical,24.5,110,0,0,0,0,0.5,0,0,0.4
1291,PMS-398,SE China/tropical,24.3,110.1,0,0.1,0,0,0.6,0,0,0.3
1292,PMS-399,SE China/tropical,24.4,110.1,0,0.1,0,0,0.6,0,0,0.3
1293,PMS-400,SE China/tropical,24.4,110.2,0,0.1,0,0,0.6,0,0,0.3
1294,PMS-401,SE China/tropical,24.5,110.4,0,0,0,0,0.6,0,0,0.3
1295,PMS-402,SE China/tropical,24.6,110.4,0,0.1,0,0,0.6,0,0,0.3
1296,PMS-403,SE China/tropical,24.6,110.4,0,0.1,0,0,0.6,0,0,0.3
1297,PMS-404,SE China/tropical,24.7,110.5,0,0.1,0,0,0.6,0,0,0.3
1299,PMS-406,SE China/tropical,26.3,111.4,0.1,0.2,0,0,0.5,0,0,0.2
1300,PMS-407,SE China/tropical,26.4,111.4,0.1,0.3,0,0,0.5,0,0,0.2
1301,PMS-408,SE China/tropical,26.4,111.3,0,0.2,0,0,0.6,0,0,0.2
1303,PMS-410,SE China/tropical,26.6,111.2,0.1,0.2,0,0,0.5,0,0,0.2
1304,PMS-411,SE China/tropical,26.7,111.2,0.1,0.2,0,0,0.5,0,0,0.2
1306,PMS-413,SE China/tropical,26.8,111.2,0.1,0.2,0,0,0.5,0,0,0.2
1307,PMS-414,SE China/tropical,27,111.3,0.1,0.2,0,0,0.5,0,0,0.2
1308,PMS-415,SE China/tropical,28,109.6,0,0.2,0,0,0.4,0,0,0.4
1309,PMS-416,SE China/tropical,28.1,109.6,0,0.1,0,0,0.5,0,0,0.3
1310,PMS-418,SE China/tropical,28.2,109.7,0,0.1,0,0,0.4,0,0,0.4
1311,PMS-419,SE China/tropical,28.3,109.8,0,0.2,0,0,0.4,0,0,0.3
1312,PMS-422,Korea/N China,28.2,109.9,0.7,0.2,0,0,0,0,0,0
1315,PMS-427,Yangtze-Qinling,29.8,114,0.2,0.5,0,0,0.3,0,0,0
1316,PMS-429,Yangtze-Qinling,29.8,114.2,0.2,0.5,0,0,0.3,0,0,0
1318,PMS-431,Yangtze-Qinling,30,114.4,0.2,0.5,0,0,0.3,0,0,0
1319,PMS-432,Yangtze-Qinling,30.1,114.3,0.2,0.6,0,0,0.3,0,0,0
1321,PMS-434,Yangtze-Qinling,30.2,114.3,0.2,0.6,0,0,0.2,0,0,0
1324,PMS-444,SE China/tropical,23.2,113.4,0,0,0,0,0.8,0,0,0
1325,PMS-445,SE China/tropical,23.2,113.4,0,0.1,0,0,0.8,0,0,0.1
1326,PMS-447,SE China/tropical,23.2,113.4,0,0.1,0,0,0.8,0.1,0,0
1327,PMS-448,SE China/tropical,23.2,113.4,0,0.1,0,0,0.9,0,0,0
1328,PMS-449,SE China/tropical,21.2,110.2,0,0,0,0,0.7,0,0,0.3
1329,PMS-451,Yangtze-Qinling,21.6,110.2,0.3,0.6,0,0,0.1,0,0,0
1330,PMS-454,SE China/tropical,21.2,110.3,0,0,0,0,0.7,0,0,0.3
1331,PMS-457,Msa,36.2,117.1,0,0,0,0,0,0,1,0
1335,PMS-464,Korea/N China,36.2,117.1,0.7,0.2,0,0,0,0,0,0
1336,PMS-466,Korea/N China,37.2,121.7,0.8,0.2,0,0,0,0,0,0
1337,PMS-467,Msa,37.2,121.7,0.4,0.1,0,0,0,0,0.5,0
1338,PMS-468,Msa,30.9,104.5,0.4,0.1,0,0,0,0,0.5,0
1339,PMS-469,Sichuan,30.8,104.9,0,0.2,0,0,0,0,0,0.8
1340,PMS-472,Sichuan,30.6,105.3,0,0.2,0,0,0,0,0,0.8
1341,PMS-474,Sichuan,30.7,105.2,0,0.3,0,0,0,0,0,0.7
1342,PMS-475,Sichuan,30.9,105.1,0,0.3,0,0,0,0,0,0.6
1343,PMS-476,Msa,30.3,104,0.4,0.1,0,0,0,0,0.5,0
1344,PMS-478,Sichuan,30.3,104,0,0.1,0,0,0,0,0,0.8
1345,PMS-482,Sichuan,30.6,104.3,0,0.1,0,0,0,0,0,0.9
1346,PMS-489,Sichuan,29.9,102.8,0,0,0,0,0,0,0,1
1347,PMS-490,Sichuan,30,102.8,0,0,0,0,0,0,0,1
1348,PMS-491,Sichuan,30.1,102.9,0,0,0,0,0,0,0,1
1349,PMS-494,Sichuan,30,102.9,0,0,0,0,0,0,0,1
1350,PMS-496,Korea/N China,41.9,124.7,0.8,0.1,0,0,0,0,0,0
1351,PMS-502,Korea/N China,42,124.5,0.8,0.2,0,0,0,0,0,0
1352,PMS-504,Korea/N China,41.8,123.4,0.8,0.2,0,0,0,0,0,0
1353,PMS-505,Korea/N China,41.2,123.7,0.8,0.2,0,0,0,0,0,0
1354,PMS-507,Sichuan,41.2,123.8,0,0.1,0,0,0,0,0,0.9
1355,PMS-510,Korea/N China,41.2,123.8,0.8,0.2,0,0,0,0,0,0
1356,PMS-511,Korea/N China,41.2,123.8,0.8,0.2,0,0,0,0,0,0
1358,PMS-519,Sichuan,30.8,107,0,0.1,0,0,0,0,0,0.9
1359,PMS-521,Sichuan,30.8,107.3,0,0.1,0,0,0,0,0,0.9
1360,PMS-523,Sichuan,31.2,107.5,0,0.2,0,0,0.1,0,0,0.7
1361,PMS-524,Sichuan,31.2,107.6,0,0.2,0,0,0.1,0,0,0.8
1362,PMS-526,Sichuan,31.1,107.9,0,0.2,0,0,0.1,0,0,0.7
1364,PMS-535,SE China/tropical,31.1,109,0,0.4,0,0,0.1,0,0,0.4
1365,PMS-541,SE China/tropical,30.7,109.5,0,0.3,0,0,0.1,0,0,0.5
1367,PMS-544,SE China/tropical,30.4,109.3,0,0.4,0,0,0.3,0,0,0.3
1368,PMS-546,Sichuan,30.3,109.5,0,0,0,0,0.1,0,0,0.9
1369,PMS-552,Sichuan,29.3,109.6,0,0.2,0,0,0.2,0,0,0.6
1371,PMS-557,SE China/tropical,28.5,109.5,0,0.2,0,0,0.4,0,0,0.4
1373,PMS-560,SE China/tropical,27.9,109.8,0,0.1,0,0,0.5,0,0,0.4
1374,PMS-571,SE China/tropical,25.4,110.1,0,0.1,0,0,0.6,0,0,0.3
1375,PMS-574,SE China/tropical,25,109.6,0,0,0,0,0.5,0,0,0.4
1376,PMS-576,SE China/tropical,25.8,109.6,0,0.1,0,0,0.5,0,0,0.5
1377,PMS-584,Yangtze-Qinling,26.7,108.2,0.4,0.5,0,0,0.1,0,0,0
1378,PMS-586,Sichuan,27,108.7,0,0,0,0,0.2,0,0,0.7
1380,PMS-592,Sichuan,28.8,108.9,0,0,0,0,0.1,0,0,0.9
1381,PMS-600,Sichuan,29.3,106.7,0,0,0,0,0,0,0,1
1382,PMS-601,Yangtze-Qinling,30.2,119.7,0.4,0.4,0,0,0.2,0,0,0
1383,PMS-602,Yangtze-Qinling,30.3,119.6,0.3,0.5,0,0,0.2,0,0,0
1384,PMS-605,Yangtze-Qinling,30.3,119.5,0.4,0.5,0,0,0.2,0,0,0
1385,PMS-606,Yangtze-Qinling,30.4,119.5,0.3,0.4,0,0,0.2,0,0,0
1387,PMS-610,Yangtze-Qinling,30.2,119.6,0.4,0.5,0,0,0.2,0,0,0
1388,PMS-612,Yangtze-Qinling,30.1,119.7,0.3,0.4,0,0,0.2,0,0,0
1389,PMS-614,Yangtze-Qinling,30.3,119.7,0.3,0.5,0,0,0.2,0,0,0
1390,Uruma-1a,SE China/tropical,26.3,127.8,0,0,0.1,0,0.7,0.1,0,0.1
1100,Akeno,S Japan,NA,NA,0,0,0.8,0.1,0,0.1,0,0
2100,CANE9233,SE China/tropical,23.7,121,0,0,0,0,0.8,0,0.1,0.1
3100,DC-2010-001 A,US naturalized,38.9,-77,0,0,0.3,0.1,0,0.5,0,0
4100,DC-2010-001 E,US naturalized,38.9,-77,0,0,0.3,0.1,0,0.5,0,0
5100,Gunma,S Japan,NA,NA,0,0,0.8,0.1,0,0.1,0,0
6100,IGR-2011-001,Doubled haploid,NA,NA,NA,NA,NA,NA,NA,NA,NA,NA
2210,JM0050.002,N Japan,42.9,140.6,0,0,0,1,0,0,0,0
2310,JM0050.003,N Japan,42.9,140.6,0,0,0,0.9,0,0,0,0
3110,JM0058.001,S Japan,42.6,140.6,0,0,0.7,0.1,0,0.2,0,0
3210,JM0058.003,S Japan,42.6,140.6,0,0,0.7,0.1,0,0.2,0,0
4810,JM0091.001,S Japan,36.6,139.6,0,0,0.6,0.1,0,0.2,0,0
4910,JM0091.002,S Japan,36.6,139.6,0,0,0.7,0.2,0,0.2,0,0
5010,JM0093.001,N Japan,36.1,138.5,0,0,0,1,0,0,0,0
5110,JM0094.001,S Japan,36.1,138.5,0,0,0.7,0.1,0,0.2,0,0
5210,JM0094.003,S Japan,36.1,138.5,0,0,0.7,0.1,0,0.2,0,0
5410,JM0098.001,S Japan,35.5,138.3,0,0,0.7,0.1,0,0.2,0,0
5510,JM0098.002,S Japan,35.5,138.3,0,0,0.7,0.1,0,0.2,0,0
5610,JM0099.001,S Japan,35.5,138.3,0,0,0.7,0.1,0,0.2,0,0
6710,JM0229.001,S Japan,34.8,136.5,0,0,0.8,0.1,0,0.1,0,0
6810,JM0229.002,S Japan,34.8,136.5,0,0,0.8,0.1,0,0.1,0,0
7610,JM0296.001,N Japan,42.5,141.1,0,0,0,0.9,0,0,0,0
7710,JM0296.002,N Japan,42.5,141.1,0,0,0,1,0,0,0,0
7810,JM0297.001,N Japan,42.5,141.1,0,0,0,1,0,0,0,0
7910,JM0298.001,N Japan,42.5,141.1,0,0,0,1,0,0,0,0
8010,JM0298.002,N Japan,42.5,141.1,0,0,0,0.9,0,0,0,0
8310,JM0303.002,N Japan,42.6,140.8,0,0,0,0.9,0,0,0,0
8410,JM0304.001,N Japan,42.6,140.8,0,0,0,0.9,0,0,0,0
8510,JM0304.002,N Japan,42.6,140.8,0,0,0,1,0,0,0,0
1081,JM0353.001,N Japan,42.1,143.3,0,0,0.1,0.9,0,0,0,0
1097,JM0353.002,N Japan,42.1,143.3,0,0,0.1,0.9,0,0,0,0
1151,KMS005,Korea/N China,37.3,128.7,0.9,0,0,0,0,0,0,0
1214,KMS018,Korea/N China,36.9,128.5,0.9,0,0,0,0,0.1,0,0
1386,KMS050,Korea/N China,38.1,128.5,0.9,0,0,0,0,0,0,0
1401,KMS053,M. sacchariflorus 4x,35.4,129.1,0,0,0,0,0,0,0.9,0
1481,KMS062,M. sacchariflorus 4x,36.3,129.1,0,0,0,0,0,0,0.9,0
1551,KMS069a,Korea/N China,36,129.2,0.9,0,0,0,0,0.1,0,0
2001,KMS120,Korea/N China,37.4,128.3,0.9,0,0,0,0,0.1,0,0
2081,KMS129,Korea/N China,37,129,0.9,0,0,0,0,0.1,0,0
2181,KMS139,Korea/N China,37.3,128.6,0.9,0,0,0,0,0,0,0
2211,KMS142,Korea/N China,37.6,128.2,0.9,0,0,0,0,0,0,0
2241,KMS145-6,Korea/N China,37.6,128.4,1,0,0,0,0,0,0,0
2261,KMS148-9,Korea/N China,37.9,127.7,0.9,0,0,0,0,0.1,0,0
2301,KMS154,Korea/N China,38.1,128.6,0.9,0,0,0,0,0.1,0,0
2341,KMS160-1,Korea/N China,38.2,127.4,1,0,0,0,0,0,0,0
2421,KMS169,Korea/N China,38,127.9,0.9,0,0,0,0,0,0,0
2441,KMS171-2,Korea/N China,37.8,128.9,0.9,0,0,0,0,0,0,0
2541,KMS207-8,Korea/N China,37.1,128.2,0.9,0,0,0,0,0,0,0
2551,KMS209-10,Korea/N China,37.1,128.2,1,0,0,0,0,0,0,0
2561,KMS211-3,Korea/N China,37.2,126.9,1,0,0,0,0,0,0,0
2581,KMS216-21,Korea/N China,35.4,126.7,0.9,0,0,0,0,0.1,0,0
2591,KMS223-6,Korea/N China,36.8,127.6,0.9,0,0,0,0,0.1,0,0
2601,KMS227-30,Korea/N China,37.2,128.4,0.9,0,0,0,0,0.1,0,0
2631,KMS234-5,Korea/N China,35.1,127,1,0,0,0,0,0,0,0
2641,KMS236-41,Korea/N China,35.7,127.2,1,0,0,0,0,0,0,0
2651,KMS243-7,Korea/N China,35,127.5,1,0,0,0,0,0,0,0
2661,KMS248-9,Korea/N China,37.6,128.3,1,0,0,0,0,0,0,0
2671,KY-2009-001-B(20)-b,US naturalized,37.8,-83.7,0,0,0.3,0.1,0,0.5,0,0
2681,KY-2009-001-B(20)-e,US naturalized,37.8,-83.7,0,0,0.3,0.1,0,0.5,0,0
2691,KY-2009-001 C,US naturalized,37.8,-83.7,0,0,0.3,0.1,0,0.5,0,0
2701,KY-2009-001 D,US naturalized,37.8,-83.7,0,0,0.3,0.1,0.1,0.5,0,0
2711,Morioka,N Japan,NA,NA,0,0,0,1,0,0,0,0
2721,NC-2010-001-009,US naturalized,35.5,-82.5,0,0,0.3,0,0,0.6,0,0
2731,NC-2010-001-010,US naturalized,35.5,-82.5,0,0,0.3,0,0,0.6,0,0
2741,NC-2010-001.5-B(18)-a,US naturalized,35.5,-82.6,0,0,0.2,0,0,0.6,0,0
2751,NC-2010-001.5-B(18)-b,US naturalized,35.5,-82.6,0,0,0.3,0,0,0.6,0,0
2761,NC-2010-001.5 C,US naturalized,35.5,-82.6,0,0,0.3,0,0.1,0.6,0,0
2771,NC-2010-001 B,US naturalized,35.5,-82.5,0,0,0.2,0,0,0.7,0,0
2781,NC-2010-001-B(44)-e,US naturalized,35.5,-82.5,0,0,0.2,0,0,0.6,0,0
2791,NC-2010-002-001,US naturalized,35.8,-82.6,0,0,0.2,0,0,0.6,0,0
2801,NC-2010-002-002,US naturalized,35.8,-82.6,0,0,0.3,0,0,0.7,0,0
2811,NC-2010-003-001,US naturalized,35.6,-82.6,0,0,0.3,0,0,0.6,0,0
2821,NC-2010-003-B(50)-a,US naturalized,35.6,-82.6,0,0,0.2,0,0,0.7,0,0
2831,NC-2010-003-B(50)-b,US naturalized,35.6,-82.6,0,0,0.2,0,0,0.7,0,0
2841,NC-2010-003 D,US naturalized,35.6,-82.6,0,0,0.2,0,0,0.6,0,0
2851,NC-2010-003 E,US naturalized,35.6,-82.6,0,0,0.3,0,0,0.6,0,0
2861,NC-2010-004-B(37)-b,US naturalized,35.8,-82.5,0,0,0.4,0.1,0,0.5,0,0
2871,NC-2010-004-B(37)-d,US naturalized,35.8,-82.5,0,0,0.2,0,0,0.6,0,0
2881,NC-2010-004 E,US naturalized,35.8,-82.5,0,0,0.3,0,0.1,0.6,0,0
2891,OH-2009-001-B(20)-b,US naturalized,39.5,-81.3,0,0,0.3,0.1,0,0.5,0,0
2901,OH-2009-001-B(20)-d,US naturalized,39.5,-81.3,0,0,0.3,0.1,0,0.5,0,0
2911,PA-2010-001-005,US naturalized,40.1,-75.5,0,0,0.4,0.1,0,0.4,0,0
2921,PA-2010-001-B(63)-a,US naturalized,40.1,-75.5,0,0,0.3,0.1,0,0.5,0,0
2931,PA-2010-001-B(63)-c,US naturalized,40.1,-75.5,0,0,0.4,0.1,0,0.4,0,0
2941,PA-2010-002-004,US naturalized,40,-75.4,0,0,0.4,0.1,0,0.4,0,0
2951,PA-2010-002-013,US naturalized,40,-75.4,0,0,0.4,0.1,0,0.4,0,0
2961,PA-2010-002-015,US naturalized,40,-75.4,0,0,0.4,0.1,0,0.4,0,0
2971,PA-2010-002-B(3)-b,US naturalized,40,-75.4,0,0,0.4,0.1,0,0.4,0,0
2981,PA-2010-002-B(3)-d,US naturalized,40,-75.4,0,0,0.2,0,0,0.7,0,0
2991,PA-2010-002 E,US naturalized,40,-75.4,0,0,0.4,0.1,0,0.4,0,0
3001,PA-2010-003-B(20)-b,US naturalized,40,-75.4,0,0,0.4,0.1,0,0.4,0,0
3011,PA-2010-003-B(20)-c,US naturalized,40,-75.4,0,0,0.4,0.1,0,0.4,0,0
3021,PI230189,SE China/tropical,NA,NA,0,0,0,0,0.9,0,0,0.1
3031,PI294602,SE China/tropical,NA,NA,0,0,0,0,0.8,0,0,0.1
3041,PI294605,SE China/tropical,NA,NA,0,0,0.3,0,0.4,0.2,0,0.1
3051,PI295762,SE China/tropical,NA,NA,0,0,0,0,0.9,0,0,0.1
3061,PI295764,SE China/tropical,NA,NA,0,0,0,0,0.9,0,0,0.1
3071,PI302423,SE China/tropical,NA,NA,0,0,0.1,0,0.8,0,0,0.1
3081,PI417947,SE China/tropical,-9.5,147.1,0,0,0,0,0.8,0,0,0.1
3091,PI423566,SE China/tropical,NA,NA,0,0,0,0,0.8,0.1,0,0.1
3111,PMS-007,Yangtze-Qinling,30.8,110.3,0,0.6,0,0,0.1,0,0,0.3
3121,PMS-008,SE China/tropical,30.8,110.1,0,0.5,0,0,0.1,0,0,0.3
3131,PMS-009,Sichuan,30.6,109.7,0,0.2,0,0,0.1,0,0,0.6
3141,PMS-014,Sichuan,29.7,109.1,0,0.1,0,0,0.1,0,0,0.7
3161,PMS-038,Sichuan,30.6,105.2,0,0.1,0,0,0,0,0,0.8
3181,PMS-047,Sichuan,28.7,104.9,0,0,0,0,0,0,0,1
3241,PMS-071,M. sacchariflorus 2x,40.4,117,0,0,0,0,0,0,1,0
3251,PMS-074,M. sacchariflorus 2x,40.1,116.2,0,0,0,0,0,0,1,0
3261,PMS-075,M. sacchariflorus 2x,40.1,116.2,0,0,0,0,0,0,1,0
3271,PMS-076,M. sacchariflorus 2x,40.2,116,0,0,0,0,0,0,1,0
3281,PMS-077,M. sacchariflorus 2x,40.1,115.9,0,0,0,0,0,0,1,0
3321,PMS-087,Yangtze-Qinling,31.5,110.4,0.1,0.7,0,0,0,0,0,0.1
3401,PMS-110,Yangtze-Qinling,32.5,109.1,0,0.9,0,0,0,0,0,0
3411,PMS-111,M. xgiganteus 2x,33,108.3,0,0.5,0,0,0,0,0.5,0
3461,PMS-120,Yangtze-Qinling,33,107.5,0,0.8,0,0,0,0,0,0.1
3511,PMS-127,Yangtze-Qinling,33.1,104.7,0.1,0.9,0,0,0,0,0,0
3531,PMS-130,Yangtze-Qinling,33.5,105.1,0,1,0,0,0,0,0,0
3541,PMS-131,Yangtze-Qinling,33.5,105.4,0,1,0,0,0,0,0,0
3561,PMS-134,Yangtze-Qinling,33.8,105.8,0,1,0,0,0,0,0,0
3591,PMS-144,Yangtze-Qinling,34.2,106.9,0,0.9,0,0,0,0,0,0
3621,PMS-159,Yangtze-Qinling,34.1,111,0,0.9,0,0,0,0,0,0
3631,PMS-161,Yangtze-Qinling,35.7,112.3,0,1,0,0,0,0,0,0
3641,PMS-162,M. xgiganteus 2x,35.7,112.6,0,0.5,0,0,0,0,0.5,0
3661,PMS-164,Yangtze-Qinling,37.3,114.3,0.3,0.6,0,0,0,0,0,0
3681,PMS-167,Yangtze-Qinling,37.3,114.2,0.3,0.7,0,0,0,0,0,0
3751,PMS-178,Yangtze-Qinling,34.5,113,0,1,0,0,0,0,0,0
3781,PMS-183,Yangtze-Qinling,31.7,115.5,0.3,0.6,0,0,0.1,0,0,0
3811,PMS-194,Yangtze-Qinling,31.5,115.3,0.3,0.6,0,0,0.1,0,0,0
3821,PMS-204,Yangtze-Qinling,31.7,114.9,0.2,0.6,0,0,0.2,0,0,0
3841,PMS-212,SE China/tropical,27,108.7,0,0.1,0,0,0.3,0,0,0.6
3851,PMS-213,SE China/tropical,26.9,108.7,0,0,0,0,0.2,0,0,0.7
3871,PMS-223,Sichuan,26.7,108.1,0,0,0,0,0.1,0,0,0.8
3921,PMS-257,SE China/tropical,23.3,104.4,0,0,0,0,0.3,0,0,0.7
3931,PMS-259,SE China/tropical,23.3,104.5,0,0,0,0,0.3,0,0,0.7
395,PMS-272,Yangtze-Qinling,28.7,116.4,0.2,0.4,0,0,0.3,0,0,0
397,PMS-279,M. xgiganteus 2x,29.1,117.1,0,0,0,0,0.4,0,0.6,0
399,PMS-285,Yangtze-Qinling,29.6,118.2,0.2,0.4,0,0,0.3,0,0,0
401,PMS-293,SE China/tropical,31.3,119.7,0.1,0.2,0,0,0.6,0.1,0,0
4031,PMS-300,M. xgiganteus 2x,30.9,120.1,0.2,0.3,0,0,0,0,0.5,0
4041,PMS-303,Yangtze-Qinling,30.1,119.9,0.3,0.4,0,0,0.2,0,0,0
4061,PMS-306,Yangtze-Qinling,29.9,119.8,0.3,0.5,0,0,0.2,0,0,0
4091,PMS-314,Yangtze-Qinling,26.5,119.6,0.4,0.5,0,0,0.1,0,0,0
4171,PMS-330,SE China/tropical,25.9,117.3,0,0.1,0,0,0.8,0.1,0,0
4251,PMS-339,SE China/tropical,25.7,115.8,0,0.2,0,0,0.8,0,0,0
4311,PMS-347,SE China/tropical,24.2,115.9,0,0.1,0,0,0.8,0,0,0
4371,PMS-359,SE China/tropical,22.9,112.3,0,0.1,0,0,0.8,0,0,0.1
4381,PMS-364a,SE China/tropical,22.5,112.2,0,0,0,0,0.8,0,0,0.1
4401,PMS-371,SE China/tropical,20.7,110.1,0,0,0,0,0.7,0,0,0.3
4421,PMS-375,SE China/tropical,19.6,110.3,0,0,0,0,0.7,0,0,0.3
4431,PMS-381,SE China/tropical,19,109.6,0,0,0,0,0.7,0,0,0.3
4481,PMS-397,SE China/tropical,24.4,110,0,0.1,0,0,0.6,0,0,0.3
4541,PMS-405,SE China/tropical,26.2,111.5,0,0.3,0,0,0.5,0,0,0.2
4571,PMS-409,SE China/tropical,26.5,111.3,0.1,0.2,0,0,0.5,0,0,0.2
4601,PMS-412,SE China/tropical,26.7,111.2,0,0.3,0,0,0.5,0,0,0.1
4651,PMS-424,SE China/tropical,28.3,110.1,0,0.2,0,0,0.4,0,0,0.3
4661,PMS-425,Yangtze-Qinling,29.7,113.8,0.2,0.5,0,0,0.3,0,0,0
4681,PMS-430,M. xgiganteus 2x,29.9,114.3,0,0,0,0,0.4,0,0.6,0
4691,PMS-433,Yangtze-Qinling,30.1,114.4,0.2,0.5,0,0,0.2,0,0,0
4701,PMS-436,Korea/N China,41.3,123.7,0.8,0.2,0,0,0,0,0,0
4711,PMS-438,Korea/N China,41.3,123.7,0.8,0.2,0,0,0,0,0,0
4751,PMS-458,M. sacchariflorus 4x,36.2,120.5,0,0,0,0,0,0,1,0
4761,PMS-459,M. xgiganteus 2x,36.2,120.5,0.4,0.1,0,0,0,0,0.5,0
4771,PMS-460,Yangtze-Qinling,36.3,120.6,0,0.8,0,0,0,0,0,0.2
4801,PMS-467-8,M. xgiganteus 2x,37.2,121.7,0.4,0.1,0,0,0,0,0.5,0
4871,PMS-512,M. sacchariflorus 2x,41.3,123.7,0,0,0,0,0,0,1,0
4901,PMS-533,M. xgiganteus 2x,31,108.9,0.2,0.4,0,0,0.2,0,0.3,0
4931,PMS-543,SE China/tropical,30.5,109.4,0,0.3,0,0,0.1,0,0,0.5
4961,PMS-555,SE China/tropical,29,109.8,0,0.2,0,0,0.2,0,0,0.6
4981,PMS-558,SE China/tropical,28.3,109.5,0,0.2,0,0,0.4,0,0,0.4
5031,PMS-589,SE China/tropical,27.9,109.3,0,0.1,0,0,0.5,0,0,0.4
5081,PMS-607,Yangtze-Qinling,30.3,119.5,0.4,0.5,0,0,0.2,0,0,0
5111,Shiozuka,S Japan,NA,NA,0,0,0.8,0.1,0,0.1,0,0
5121,UI10-00008,M. sacchariflorus 2x,NA,NA,0,0,0,0,0,0,1,0
5131,UI10-00012,Ornamental,NA,NA,0,0,0.7,0,0,0.2,0,0
5141,UI10-00015,Ornamental,NA,NA,0,0,0.7,0.1,0,0.3,0,0
5151,UI10-00017,Ornamental,NA,NA,0,0,0.3,0.1,0,0.6,0,0
5161,UI10-00019,M. xgiganteus 2x,NA,NA,0.4,0,0,0,0,0,0.6,0
5171,UI10-00020,Ornamental,NA,NA,0,0,0.2,0,0.1,0.7,0,0
5181,UI10-00021,Ornamental,NA,NA,0.1,0,0.2,0.2,0,0.3,0.2,0
5191,UI10-00022,Ornamental,NA,NA,0,0,0.7,0.1,0,0.1,0,0
5201,UI10-00023,Ornamental,NA,NA,0,0,0.4,0.1,0,0.3,0.1,0
5211,UI10-00024,Ornamental,NA,NA,0,0,0.2,0,0.1,0.7,0,0
5221,UI10-00025,Ornamental,NA,NA,0,0,0.2,0,0,0.6,0,0
5231,UI10-00026,Ornamental,NA,NA,0.1,0,0.3,0.2,0,0.3,0.1,0
5241,UI10-00027,Ornamental,NA,NA,0.1,0,0.3,0.1,0,0.4,0.2,0
5251,UI10-00028,Ornamental,NA,NA,0,0,0.7,0.1,0,0.2,0,0
5261,UI10-00029,Ornamental,NA,NA,0,0,0.2,0.3,0,0.3,0.1,0
5271,UI10-00030,Ornamental,NA,NA,0,0,0.8,0.1,0,0.1,0,0
5281,UI10-00031,Ornamental,NA,NA,0.1,0,0.2,0.3,0,0.3,0.1,0
5291,UI10-00032,Ornamental,NA,NA,0,0,0.5,0.2,0,0.2,0,0
5301,UI10-00033,Ornamental,NA,NA,0,0,0.3,0.1,0,0.5,0,0
5311,UI10-00035,Ornamental,NA,NA,0.2,0,0.1,0,0,0.3,0.2,0
5321,UI10-00036,Ornamental,NA,NA,0,0,0.2,0,0,0.7,0,0
5331,UI10-00038,Ornamental,NA,NA,0,0,0.7,0.1,0,0.2,0,0
5341,UI10-00039,Ornamental,NA,NA,0.1,0,0.1,0.1,0.3,0.2,0.1,0
5351,UI10-00040,Ornamental,NA,NA,0.2,0,0.1,0.1,0,0.3,0.2,0
5361,UI10-00042,Ornamental,NA,NA,0.1,0,0.2,0.2,0,0.3,0.2,0
5371,UI10-00043,Ornamental,NA,NA,0,0,0.2,0,0.1,0.6,0,0
5381,UI10-00044,Ornamental,NA,NA,0,0,0.4,0.1,0,0.2,0.1,0
5391,UI10-00045,Ornamental,NA,NA,0,0,0.8,0.1,0,0.1,0,0
5401,UI10-00047,Ornamental,NA,NA,0.1,0,0.1,0.3,0,0.3,0.1,0
5411,UI10-00048,Ornamental,NA,NA,0,0,0.2,0,0,0.6,0,0
5421,UI10-00051,Ornamental,NA,NA,0,0,0.2,0,0.1,0.6,0,0
5431,UI10-00052,Ornamental,NA,NA,0,0,0.2,0.3,0,0.3,0.1,0
5441,UI10-00053,Ornamental,NA,NA,0,0,0.2,0.2,0,0.5,0,0
5451,UI10-00054,Ornamental,NA,NA,0,0,0.8,0.1,0,0.1,0,0
5461,UI10-00056,Ornamental,NA,NA,0,0,0.5,0.2,0,0.2,0.1,0
5471,UI10-00057,Ornamental,NA,NA,0.1,0,0.1,0.2,0,0.3,0.2,0
5481,UI10-00058,Ornamental,NA,NA,0.1,0,0.2,0.2,0,0.3,0.1,0
5491,UI10-00060,Ornamental,NA,NA,0,0,0.3,0.3,0,0.3,0,0
5501,UI10-00061,Ornamental,NA,NA,0,0,0.2,0.2,0,0.5,0,0
5511,UI10-00062,Ornamental,NA,NA,0,0,0.4,0.1,0,0.4,0,0
5521,UI10-00063,Ornamental,NA,NA,0.1,0,0.2,0.1,0,0.5,0,0
5531,UI10-00064,Ornamental,NA,NA,0.1,0,0.2,0,0.1,0.5,0.1,0
5541,UI10-00065,Ornamental,NA,NA,0,0,0.2,0.1,0.1,0.6,0,0
5551,UI10-00066,Ornamental,NA,NA,0,0,0.4,0.1,0,0.4,0,0
5561,UI10-00067,Ornamental,NA,NA,0,0,0.2,0,0.1,0.5,0.1,0
5571,UI10-00070,Ornamental,NA,NA,0.1,0,0.4,0.1,0,0.4,0.1,0
5581,UI10-00071,Ornamental,NA,NA,0,0,0.2,0,0,0.6,0,0
5591,UI10-00072,Ornamental,NA,NA,0.1,0,0.1,0,0.1,0.3,0.4,0
5601,UI10-00073,Ornamental,NA,NA,0.1,0,0.3,0.1,0,0.4,0,0
5611,UI10-00074,Ornamental,NA,NA,0.2,0,0.1,0.1,0,0.3,0.2,0
5621,UI10-00075,Ornamental,NA,NA,0,0,0.3,0.1,0,0.5,0,0
5631,UI10-00078,Ornamental,NA,NA,0.1,0,0.3,0.1,0,0.4,0.2,0
5641,UI10-00079,Ornamental,NA,NA,0,0,0.2,0,0,0.6,0,0
5651,UI10-00080,Ornamental,NA,NA,0,0,0.7,0.1,0,0.1,0,0
5661,UI10-00081,Ornamental,NA,NA,0.1,0,0.1,0.2,0,0.3,0.2,0
5671,UI10-00082,Ornamental,NA,NA,0.1,0,0.2,0.1,0,0.5,0,0
5681,UI10-00083,Ornamental,NA,NA,0,0,0.2,0,0.1,0.6,0,0
5691,UI10-00084,Ornamental,NA,NA,0,0,0.2,0,0,0.7,0,0
5701,UI10-00085,Ornamental,NA,NA,0,0,0.8,0.1,0,0,0,0
5711,UI10-00086,Ornamental,NA,NA,0,0,0.2,0,0,0.7,0,0
5721,UI10-00087,Ornamental,NA,NA,0,0,0.2,0,0.1,0.6,0,0
5731,UI10-00088,Ornamental,NA,NA,0,0,0.7,0.1,0,0.2,0,0
5741,UI10-00089,Ornamental,NA,NA,0.1,0,0.1,0.2,0,0.3,0.2,0
5751,UI10-00090,Ornamental,NA,NA,0.1,0,0.3,0.1,0,0.4,0.1,0
5761,UI10-00092,Ornamental,NA,NA,0,0,0.4,0.1,0,0.4,0,0
5771,UI10-00094,Ornamental,NA,NA,0,0,0.4,0.2,0,0.3,0,0
5781,UI10-00096,Ornamental,NA,NA,0.1,0,0.2,0.1,0,0.4,0.1,0
5791,UI10-00097,Ornamental,NA,NA,0,0,0.2,0,0,0.7,0,0
5801,UI10-00099,Ornamental,NA,NA,0.1,0,0.2,0.1,0,0.4,0.1,0
5811,UI10-00100,Ornamental,NA,NA,0,0,0.2,0,0.1,0.6,0,0
5821,UI10-00101,Ornamental,NA,NA,0,0,0.2,0,0.1,0.6,0,0
5831,UI10-00102,Ornamental,NA,NA,0,0,0.7,0.2,0,0.1,0,0
5841,UI10-00104,Ornamental,NA,NA,0.1,0,0.2,0.2,0,0.3,0.2,0
5851,UI10-00105,Ornamental,NA,NA,0,0,0.1,0,0.8,0,0,0.1
5861,UI10-00106,Ornamental,NA,NA,0,0,0.3,0.1,0.3,0.3,0,0
5871,UI10-00107,M. xgiganteus 3x,NA,NA,0,0,0.1,0,0,0.3,0.6,0
5881,UI11-00009,Ornamental,NA,NA,0.1,0,0.2,0.3,0,0.3,0.1,0
5891,UI11-00024,Ornamental,NA,NA,0,0,0.5,0.1,0,0.4,0,0
5901,UI12-00001,Ornamental,NA,NA,0.1,0,0.2,0.2,0,0.3,0.2,0
5911,UI12-00002,Ornamental,NA,NA,0,0,0.6,0.1,0,0.3,0,0
5921,VA-2010-001-022,US naturalized,38.6,-77.4,0,0,0.2,0,0,0.6,0,0
5931,VA-2010-001-B(40)-e,US naturalized,38.6,-77.4,0,0,0.2,0,0.1,0.6,0,0
5941,p196-150A-c,Doubled haploid,NA,NA,NA,NA,NA,NA,NA,NA,NA,NA
5951,p877-348-b,Doubled haploid,NA,NA,NA,NA,NA,NA,NA,NA,NA,NA