"","SNP","Chromosome","Position","P.value","maf","nobs","Rsquare.of.Model.without.SNP","Rsquare.of.Model.with.SNP","FDR_Adjusted_P.values","effect","Adj.P.P.value","Ind.SNP","PS","Software","Method","Trait.name","PVE"
"1","PstI.TP1133587",10,42973263,0.0000000000326812372785803,0.058171140934787,124,0.418263044404305,0.670092963955898,0.000000857359578766276,1.19202240683698,0.000000857359578766276,"124+36088im","PS_N","GAPIT","CMLM","GS",25.1829919551593
"2","PstI.TP65187",6,51685319,0.000000000523994274688647,0.0973658112203374,124,0.418263044404305,0.633917128872314,0.00000687323290109099,-1.15975439973044,0.00000687323290109098,"124+36088im","PS_N","GAPIT","CMLM","GS",21.5654084468009
"3","PstI.TP1264070",2,7827620,0.0000000142920769155379,0.08212589006936,124,0.418263044404305,0.593014096802133,0.000124979448600741,-0.840413857595632,0.00012497944860074,"124+36088im","PS_N","GAPIT","CMLM","GS",17.4751052397828
"4","NsiI.TP210231",11,11469,0.0000000253873880907924,0.0845343785859366,124,0.418263044404305,0.586143673522836,0.000166503184793462,-0.992284185347422,0.000166503184793462,"124+36088im","PS_N","GAPIT","CMLM","GS",16.7880629118531
"5","NsiI.TP251198",11,11959,0.000000074776256534964,0.169181035461555,124,0.418263044404305,0.573414208797143,0.000392336062787649,1.04511094262805,0.000392336062787649,"124+36088im","PS_N","GAPIT","CMLM","GS",15.5151164392838
"6","NsiI.TP510537",3,71420877,0.00000012822303264845,0.100811521287312,124,0.418263044404305,0.567150970207889,0.000556487224369222,0.759234618046935,0.000556487224369223,"124+36088im","PS_N","GAPIT","CMLM","GS",14.8887925803584
"7","PstI.TP914537",10,57752412,0.000000148487099587732,0.0675956287517027,124,0.418263044404305,0.56545734569783,0.000556487224369222,-0.743918029753909,0.000556487224369223,"124+36088im","PS_N","GAPIT","CMLM","GS",14.7194301293525
"8","NsiI.TP353473",11,13012,0.000000308639400398715,0.0631381281853496,124,0.418263044404305,0.557078745897839,0.00101210575375749,0.672396127971633,0.00101210575375749,"124+36088im","PS_N","GAPIT","CMLM","GS",13.8815701493534
"9","NsiI.TP459094",6,54308423,0.000000388918502630559,0.495231435975434,124,0.418263044404305,0.554454405015961,0.00113365422200112,-0.548376703502291,0.00113365422200112,"124+36088im","PS_N","GAPIT","CMLM","GS",13.6191360611656
"10","NsiI.TP431852",4,58431342,0.000000473212718151044,0.234130151310881,124,0.418263044404305,0.552236300103176,0.00124142624479745,1.04929266818129,0.00124142624479745,"124+36088im","PS_N","GAPIT","CMLM","GS",13.3973255698871
"11","NsiI.TP747164",11,18278,0.000000565851955924021,0.0877481439645665,124,0.418263044404305,0.550221753801497,0.00134950547379189,0.691043843050653,0.00134950547379189,"124+36088im","PS_N","GAPIT","CMLM","GS",13.1958709397192
"12","NsiI.TP336234",11,12829,0.000000848434930572065,0.122775345466312,124,0.418263044404305,0.545682143567538,0.00173488092625985,-0.774306638898631,0.00173488092625985,"124+36088im","PS_N","GAPIT","CMLM","GS",12.7419099163233
"13","PstI.TP735061",1,72976269,0.000000859703134915685,0.23770539046379,124,0.418263044404305,0.545534850975418,0.00173488092625985,0.524130365601102,0.00173488092625985,"124+36088im","PS_N","GAPIT","CMLM","GS",12.7271806571113
"14","NsiI.TP741538",8,59582552,0.000000989610544199231,0.338314505999796,124,0.418263044404305,0.543966077663797,0.00178683628996027,-0.514756685874209,0.00178683628996027,"124+36088im","PS_N","GAPIT","CMLM","GS",12.5703033259492
"15","NsiI.TP149692",11,10781,0.00000102167204198384,0.0903075859891929,124,0.418263044404305,0.543611207099371,0.00178683628996027,0.690191102378996,0.00178683628996027,"124+36088im","PS_N","GAPIT","CMLM","GS",12.5348162695066
"16","PstI.TP471886",11,3583,0.00000114865423383857,0.0930918865772764,124,0.418263044404305,0.542309142601389,0.00180010107297888,0.55916820828236,0.00180010107297888,"124+36088im","PS_N","GAPIT","CMLM","GS",12.4046098197084
"17","NsiI.TP694884",3,6382094,0.00000116649074638412,0.17575584571257,124,0.418263044404305,0.542138093531016,0.00180010107297888,1.09764207720755,0.00180010107297888,"124+36088im","PS_N","GAPIT","CMLM","GS",12.3875049126711
"18","PstI.TP753228",10,47979677,0.00000181263105578838,0.0688036076612671,124,0.418263044404305,0.537266013203745,0.00264180906208624,-0.65961083693913,0.00264180906208624,"124+36088im","PS_N","GAPIT","CMLM","GS",11.900296879944
"19","PstI.TP588686",1,71389933,0.00000212832153454661,0.116935483870968,124,0.418263044404305,0.53550138598784,0.00293865195459452,-0.619127332492318,0.00293865195459451,"124+36088im","PS_N","GAPIT","CMLM","GS",11.7238341583535
"20","NsiI.TP346121",11,12935,0.00000254139758140808,0.0969082956655456,124,0.418263044404305,0.533558057734507,0.00333355120753298,-0.458844305236673,0.00333355120753298,"124+36088im","PS_N","GAPIT","CMLM","GS",11.5295013330202
"21","PstI.TP780329",11,5383,0.0000027507460894864,0.116059694070972,124,0.418263044404305,0.532692939019366,0.00343633680531362,0.641843263599672,0.00343633680531363,"124+36088im","PS_N","GAPIT","CMLM","GS",11.4429894615061
"22","PstI.TP803702",11,5570,0.00000307735700549918,0.127954261372741,124,0.418263044404305,0.531468951417429,0.00366960834919388,-0.592046285545513,0.00366960834919389,"124+36088im","PS_N","GAPIT","CMLM","GS",11.3205907013124
"23","PstI.TP643786",7,854183,0.00000357003290275937,0.0587437694727918,124,0.418263044404305,0.529852945823447,0.00407201057265171,-0.98297068077802,0.00407201057265171,"124+36088im","PS_N","GAPIT","CMLM","GS",11.1589901419142
"24","PstI.TP125880",11,1053,0.0000044959135157667,0.0671518763138946,124,0.418263044404305,0.52735275689213,0.00491440813219265,0.6945418409261,0.00491440813219265,"124+36088im","PS_N","GAPIT","CMLM","GS",10.9089712487825
"25","NsiI.TP511109",10,58780153,0.00000543312936886091,0.0873448351272479,124,0.418263044404305,0.52530809558302,0.00570130863450788,-0.618689353473865,0.00570130863450788,"124+36088im","PS_N","GAPIT","CMLM","GS",10.7045051178715
"26","NsiI.TP442212",1,25199008,0.00000612212338054369,0.0708084697865884,124,0.418263044404305,0.524022675566712,0.00617722249096859,-0.611150513400037,0.00617722249096858,"124+36088im","PS_N","GAPIT","CMLM","GS",10.5759631162407
"27","PstI.TP324057",11,2570,0.00000643156634768098,0.0652106291310473,124,0.418263044404305,0.523492673424581,0.00624910042833566,-0.552813113191191,0.00624910042833566,"124+36088im","PS_N","GAPIT","CMLM","GS",10.5229629020276
"28","PstI.TP1081624",10,8144011,0.0000107228056540026,0.136414296957173,124,0.418263044404305,0.518028563583576,0.0100465029831109,-0.616206592359327,0.0100465029831109,"124+36088im","PS_N","GAPIT","CMLM","GS",9.97655191792709
"29","NsiI.TP459037",9,50088687,0.0000111622583923061,0.0954547644635341,124,0.418263044404305,0.517601535016705,0.0100976098849572,-0.573833843153085,0.0100976098849572,"124+36088im","PS_N","GAPIT","CMLM","GS",9.93384906124
"30","NsiI.TP609571",11,16656,0.0000116389147535347,0.461914150040411,124,0.418263044404305,0.517157320923946,0.010177842988141,0.810883197654751,0.010177842988141,"124+36088im","PS_N","GAPIT","CMLM","GS",9.88942765196409
"31","PstI.TP391260",11,3050,0.0000126798996892271,0.0904797651914894,124,0.418263044404305,0.516248458954013,0.010730467369264,0.682011959325418,0.010730467369264,"124+36088im","PS_N","GAPIT","CMLM","GS",9.79854145497079
"32","NsiI.TP440093",3,64205828,0.0000141940718119903,0.0703677770166546,124,0.418263044404305,0.515053990554128,0.0116364774973673,-0.457466988536237,0.0116364774973673,"124+36088im","PS_N","GAPIT","CMLM","GS",9.6790946149823
"33","GFSSContig19953_1437",3,58043502,0.0000171316358087791,0.111438330161578,124,0.418263044404305,0.513068230831432,0.0136191313275003,0.627751590141132,0.0136191313275003,"124+36088im","PS_N","GAPIT","CMLM","GS",9.4805186427127
"34","PstI.TP221109",5,55180794,0.0000213419059939012,0.160335899500268,124,0.418263044404305,0.510757934919602,0.0164671635836472,-0.4018591454337,0.0164671635836472,"124+36088im","PS_N","GAPIT","CMLM","GS",9.2494890515297
"35","NsiI.TP690223",6,6293609,0.0000273485334918525,0.0585457348711185,124,0.418263044404305,0.508163054949144,0.0204988979321502,0.597171784253658,0.0204988979321502,"124+36088im","PS_N","GAPIT","CMLM","GS",8.9900010544839
"36","PstI.TP214637",11,1753,0.0000336716394652395,0.103173893248424,124,0.418263044404305,0.505996848436881,0.0245372719369748,0.564999455263695,0.0245372719369748,"124+36088im","PS_N","GAPIT","CMLM","GS",8.7733804032576
"37","NsiI.TP249293",10,3006315,0.0000426841031863994,0.0556822519176837,124,0.418263044404305,0.5035381268079,0.0298879353631419,-0.699424104186272,0.0298879353631419,"124+36088im","PS_N","GAPIT","CMLM","GS",8.5275082403595
"38","NsiI.TP336652",6,41462007,0.0000432927324769151,0.0743225379186299,124,0.418263044404305,0.503391734532339,0.0298879353631419,-0.625968780143724,0.0298879353631419,"124+36088im","PS_N","GAPIT","CMLM","GS",8.5128690128034
"39","PstI.TP1205276",11,8504,0.0000476253042788209,0.0844511713318921,124,0.418263044404305,0.502406668108736,0.0320359546782202,-0.438905985021985,0.0320359546782202,"124+36088im","PS_N","GAPIT","CMLM","GS",8.4143623704431
"40","PstI.TP972893",11,6749,0.0000492387800621803,0.0602696812959027,124,0.418263044404305,0.502063036522903,0.032293253903781,0.609136139876228,0.032293253903781,"124+36088im","PS_N","GAPIT","CMLM","GS",8.3799992118598
"41","NsiI.TP111742",7,57934282,0.0000527371411866855,0.219999214636637,124,0.418263044404305,0.501355866462199,0.0326040501559885,-0.636752311260816,0.0326040501559885,"124+36088im","PS_N","GAPIT","CMLM","GS",8.3092822057894
"42","NsiI.TP385607",1,76681155,0.0000532842962531306,0.0645161290322581,124,0.418263044404305,0.501249612595505,0.0326040501559885,-0.459701384514582,0.0326040501559885,"124+36088im","PS_N","GAPIT","CMLM","GS",8.29865681912
"43","PstI.TP376573",11,2949,0.0000551414085540818,0.172710274926487,124,0.418263044404305,0.500897105667082,0.0326040501559885,-0.313507723824183,0.0326040501559885,"124+36088im","PS_N","GAPIT","CMLM","GS",8.2634061262777
"44","PstI.TP146107",2,59799394,0.0000557975307692137,0.0511931719274851,124,0.418263044404305,0.500775455406143,0.0326040501559885,0.675417637730941,0.0326040501559885,"124+36088im","PS_N","GAPIT","CMLM","GS",8.2512411001838
"45","NsiI.TP203050",11,11384,0.0000559267460935993,0.103911482210085,124,0.418263044404305,0.500751670096856,0.0326040501559885,-0.404079787150171,0.0326040501559885,"124+36088im","PS_N","GAPIT","CMLM","GS",8.24886256925509
"46","NsiI.TP802075",2,47648652,0.0000580228036582943,0.145231485671831,124,0.418263044404305,0.500373487502279,0.0330219960952919,-0.457657172369976,0.0330219960952919,"124+36088im","PS_N","GAPIT","CMLM","GS",8.21104430979739
"47","PstI.TP293832",11,2331,0.00005916115790496,0.150729066132499,124,0.418263044404305,0.500173903583066,0.0330219960952919,-0.408501979643846,0.0330219960952919,"124+36088im","PS_N","GAPIT","CMLM","GS",8.1910859178761
"48","PstI.TP468700",11,3562,0.0000624107782566772,0.431319952758436,124,0.418263044404305,0.499625034797154,0.0335436081425211,0.715527146698203,0.0335436081425211,"124+36088im","PS_N","GAPIT","CMLM","GS",8.1361990392849
"49","PstI.TP223261",11,1831,0.0000626529236480725,0.0972670350904035,124,0.418263044404305,0.499585311445248,0.0335436081425211,0.715634772402334,0.0335436081425211,"124+36088im","PS_N","GAPIT","CMLM","GS",8.1322267040943
"50","NsiI.TP484046",11,14949,0.0000675022252382847,0.19529259527713,124,0.418263044404305,0.498821201776187,0.0347648249376909,0.605110320943497,0.0347648249376909,"124+36088im","PS_N","GAPIT","CMLM","GS",8.0558157371882
"51","PstI.TP1130306",2,14438079,0.0000675842826798139,0.064944644262071,124,0.418263044404305,0.498808759755043,0.0347648249376909,0.469172937688234,0.0347648249376909,"124+36088im","PS_N","GAPIT","CMLM","GS",8.0545715350738
"52","NsiI.TP680903",11,17517,0.0000721184410327236,0.0819560914604015,124,0.418263044404305,0.498144219428764,0.036383753501009,0.414339054753698,0.0363837535010091,"124+36088im","PS_N","GAPIT","CMLM","GS",7.9881175024459
"53","NsiI.TP757313",11,18428,0.0000760985168450609,0.1682804418286,124,0.418263044404305,0.497595157576303,0.0376673300172326,-0.652652981368502,0.0376673300172326,"124+36088im","PS_N","GAPIT","CMLM","GS",7.9332113171998
"54","PstI.TP540228",3,73006322,0.0000786670712165716,0.0524193548387097,124,0.418263044404305,0.497256179950793,0.0378970391327549,-0.498351858289269,0.0378970391327549,"124+36088im","PS_N","GAPIT","CMLM","GS",7.8993135546488
"55","NsiI.TP62363",11,9869,0.0000794517478196813,0.319651203779588,124,0.418263044404305,0.49715487622619,0.0378970391327549,0.481542090386378,0.0378970391327549,"124+36088im","PS_N","GAPIT","CMLM","GS",7.8891831821885
"56","PstI.TP795416",3,71488115,0.0000870364897420378,0.0535939345881794,124,0.418263044404305,0.496225272651725,0.0402482640024846,0.403120459753056,0.0402482640024846,"124+36088im","PS_N","GAPIT","CMLM","GS",7.796222824742
"57","PstI.TP144616",1,58204165,0.0000874495329778769,0.125,124,0.418263044404305,0.496177053012932,0.0402482640024846,-0.55100051678074,0.0402482640024846,"124+36088im","PS_N","GAPIT","CMLM","GS",7.7914008608627
"58","PstI.TP29333",4,61203009,0.0000926164826237112,0.0619732594627494,124,0.418263044404305,0.495592778861744,0.041891393192249,-0.772398468087906,0.041891393192249,"124+36088im","PS_N","GAPIT","CMLM","GS",7.7329734457439
"59","PstI.TP541575",2,74276308,0.0000946973964231847,0.0907232238037005,124,0.418263044404305,0.49536682464459,0.042065571806323,0.511832114202082,0.042065571806323,"124+36088im","PS_N","GAPIT","CMLM","GS",7.7103780240285
"60","PstI.TP365886",3,2326972,0.0000968993744488646,0.446191584309092,124,0.418263044404305,0.495133184101963,0.042065571806323,0.347925157616492,0.042065571806323,"124+36088im","PS_N","GAPIT","CMLM","GS",7.6870139697658
"61","NsiI.TP205740",3,4149845,0.0000978119951279143,0.0655211366021334,124,0.418263044404305,0.495037936732863,0.042065571806323,-0.636464196119657,0.042065571806323,"124+36088im","PS_N","GAPIT","CMLM","GS",7.6774892328558
"62","NsiI.TP450682",11,14469,0.000100791189461172,0.111575807226143,124,0.418263044404305,0.494733211056016,0.0425545739328629,0.552984453699308,0.0425545739328628,"124+36088im","PS_N","GAPIT","CMLM","GS",7.6470166651711
"63","NsiI.TP812160",7,2098697,0.000102193266668078,0.0660917972231496,124,0.418263044404305,0.494592971147899,0.0425545739328629,0.487204615238133,0.0425545739328628,"124+36088im","PS_N","GAPIT","CMLM","GS",7.6329926743594
"64","NsiI.TP831304",1,68898466,0.000105810501150743,0.0574763285437053,124,0.418263044404305,0.494240053426647,0.0433723857373217,0.59267376357549,0.0433723857373218,"124+36088im","PS_N","GAPIT","CMLM","GS",7.5977009022342
"65","NsiI.TP430147",3,5430407,0.000111533551911534,0.0912518142549797,124,0.418263044404305,0.493706119777332,0.045014941551495,-0.449021009398756,0.0450149415514951,"124+36088im","PS_N","GAPIT","CMLM","GS",7.5443075373027
"66","NsiI.TP557979",3,7233715,0.000113315076308868,0.0887096774193549,124,0.418263044404305,0.493545614202051,0.0450410259376795,0.422176554061495,0.0450410259376794,"124+36088im","PS_N","GAPIT","CMLM","GS",7.5282569797746
"67","NsiI.TP414259",1,4455947,0.000121336032949958,0.186028303970001,124,0.418263044404305,0.492853546511268,0.0470151519663428,-0.416018318599725,0.0470151519663426,"124+36088im","PS_N","GAPIT","CMLM","GS",7.4590502106963
"68","NsiI.TP45485",1,55585048,0.000122884762791829,0.0527088870080966,124,0.418263044404305,0.492725317815412,0.0470151519663428,-0.585891314931865,0.0470151519663426,"124+36088im","PS_N","GAPIT","CMLM","GS",7.4462273411107
"69","PstI.TP908229",3,52846575,0.000123658057699079,0.112903225806452,124,0.418263044404305,0.492661909036431,0.0470151519663428,0.398451560675938,0.0470151519663426,"124+36088im","PS_N","GAPIT","CMLM","GS",7.4398864632126
"70","PstI.TP908397",8,11934752,0.000128722346118811,0.0512300920782799,124,0.418263044404305,0.492256407290269,0.0482414575440126,0.510893857244027,0.0482414575440127,"124+36088im","PS_N","GAPIT","CMLM","GS",7.3993362885964
"71","PstI.TP719900",11,4970,0.00013446782675833,0.126721649498289,124,0.418263044404305,0.491815656721518,0.0483052613672584,0.432385450526433,0.0483052613672582,"124+36088im","PS_N","GAPIT","CMLM","GS",7.3552612317213
"72","PstI.TP389870",11,3038,0.00013464118305879,0.0839417904817948,124,0.418263044404305,0.491802659178291,0.0483052613672584,-0.643758010629913,0.0483052613672582,"124+36088im","PS_N","GAPIT","CMLM","GS",7.3539614773986
"73","PstI.TP1116487",11,7830,0.000135383563261272,0.153639613408873,124,0.418263044404305,0.491747191386098,0.0483052613672584,-0.426979114561346,0.0483052613672582,"124+36088im","PS_N","GAPIT","CMLM","GS",7.3484146981793
"74","NsiI.TP588890",4,9914641,0.000137320108036706,0.333309881646148,124,0.418263044404305,0.491603951015413,0.0483052613672584,0.588967263643321,0.0483052613672582,"124+36088im","PS_N","GAPIT","CMLM","GS",7.3340906611108
"75","PstI.TP723879",10,51006962,0.00013825547178407,0.0813624577429131,124,0.418263044404305,0.491535502922766,0.0483052613672584,0.439282779560699,0.0483052613672582,"124+36088im","PS_N","GAPIT","CMLM","GS",7.3272458518461
"76","PstI.TP848946",11,5885,0.000139940529995869,0.0983710743671123,124,0.418263044404305,0.491413379892437,0.0483052613672584,-0.537331611866584,0.0483052613672582,"124+36088im","PS_N","GAPIT","CMLM","GS",7.3150335488132
"77","NsiI.TP56527",11,9790,0.00000000249291848921954,0.078240951968079,124,0.185812835098806,0.460219012127244,0.0000653992236461855,-0.190800176116505,0.0000653992236461854,"124+36088im","PS_N","GAPIT","CMLM","Lg",27.4406177028438
"78","NsiI.TP423888",9,7279333,0.000000539875824620058,0.0868389121822813,124,0.185812835098806,0.37123974565809,0.00621648416030817,0.240651439141384,0.00621648416030817,"124+36088im","PS_N","GAPIT","CMLM","Lg",18.5426910559284
"79","NsiI.TP95031",6,54950661,0.000000710888636156305,0.0750463527352774,124,0.185812835098806,0.366914539594181,0.00621648416030817,0.310119932706926,0.00621648416030817,"124+36088im","PS_N","GAPIT","CMLM","Lg",18.1101704495375
"80","PstI.TP1175096",11,8274,0.0000032532882113815,0.0573958179852423,124,0.185812835098806,0.343406037394254,0.0179133549895501,-0.219654669860443,0.0179133549895501,"124+36088im","PS_N","GAPIT","CMLM","Lg",15.7593202295448
"81","PstI.TP630184",1,61807366,0.00000361881747474213,0.139083333567801,124,0.185812835098806,0.341785392916473,0.0179133549895501,0.104230548631258,0.0179133549895501,"124+36088im","PS_N","GAPIT","CMLM","Lg",15.5972557817667
"82","NsiI.TP499462",11,15213,0.00000409697834631779,0.228876413130242,124,0.185812835098806,0.339900728155736,0.0179133549895501,0.28694106952856,0.0179133549895501,"124+36088im","PS_N","GAPIT","CMLM","Lg",15.408789305693
"83","PstI.TP413792",11,3203,0.00000653721440841738,0.0879846525340418,124,0.185812835098806,0.332845128212846,0.0218260193269019,0.197954106940945,0.0218260193269019,"124+36088im","PS_N","GAPIT","CMLM","Lg",14.703229311404
"84","PstI.TP1264005",3,2578488,0.00000665579608962472,0.0695507195224315,124,0.185812835098806,0.332574956197346,0.0218260193269019,0.189457067504529,0.0218260193269019,"124+36088im","PS_N","GAPIT","CMLM","Lg",14.676212109854
"85","PstI.TP302415",11,2390,0.0000124869771129157,0.10732884765715,124,0.185812835098806,0.32317872306138,0.0338934843073973,0.120862934080492,0.0338934843073973,"124+36088im","PS_N","GAPIT","CMLM","Lg",13.7365887962574
"86","PstI.TP485067",10,46676286,0.0000129196783972697,0.0663189703934693,124,0.185812835098806,0.322673334434159,0.0338934843073973,0.130939506148906,0.0338934843073973,"124+36088im","PS_N","GAPIT","CMLM","Lg",13.6860499335353
"87","NsiI.TP245242",10,15872817,0.0000160950249622143,0.123014627526637,124,0.185812835098806,0.319421284558351,0.0383851713507936,0.132974055829812,0.0383851713507936,"124+36088im","PS_N","GAPIT","CMLM","Lg",13.3608449459545
"88","NsiI.TP822300",11,19212,0.0000193036584712063,0.117208499542984,124,0.185812835098806,0.316742019667725,0.0410385869947585,0.131842449575112,0.0410385869947585,"124+36088im","PS_N","GAPIT","CMLM","Lg",13.0929184568919
"89","PstI.TP948994",11,6627,0.0000203362670935374,0.0521742291683618,124,0.185812835098806,0.315975781862586,0.0410385869947585,0.301316672754726,0.0410385869947585,"124+36088im","PS_N","GAPIT","CMLM","Lg",13.016294676378
"90","PstI.TP1179090",2,74526134,0.0000269494843296085,0.112699857709912,124,0.185812835098806,0.31184979962565,0.0479367106833974,-0.105861949979514,0.0479367106833974,"124+36088im","PS_N","GAPIT","CMLM","Lg",12.6036964526844
"91","NsiI.TP620299",4,56693404,0.0000279508977854296,0.0548815107329347,124,0.185812835098806,0.311316878767244,0.0479367106833974,-0.217202715148741,0.0479367106833974,"124+36088im","PS_N","GAPIT","CMLM","Lg",12.5504043668438
"92","NsiI.TP618185",11,16758,0.0000292363867856354,0.0765842559740216,124,0.185812835098806,0.310660650159323,0.0479367106833974,0.125162375247685,0.0479367106833974,"124+36088im","PS_N","GAPIT","CMLM","Lg",12.4847815060517
"93","PstI.TP13650",1,1521127,0.00000500594192762082,0.0518867924528302,106,0.00268868035144088,0.22294558491964,0.00821958037609371,-0.380565835915331,0.00821958037609369,"C106+4202","PS_N","GAPIT","CMLM","GS",22.0256904568199
"94","PstI.TP921276",1,70382591,0.0000106375056730488,0.0566037735849057,106,0.00268868035144088,0.206238058838627,0.00821958037609371,-0.352896852629459,0.00821958037609369,"C106+4202","PS_N","GAPIT","CMLM","GS",20.3549378487186
"95","NsiI.TP36864",4,6582638,0.0000106875735202559,0.0566037735849057,106,0.00268868035144088,0.206134857578963,0.00821958037609371,-0.352912921572991,0.00821958037609369,"C106+4202","PS_N","GAPIT","CMLM","GS",20.3446177227522
"96","PstI.TP292777",7,64227793,0.0000136103058545872,0.0518867924528302,106,0.00268868035144088,0.200836568797054,0.00821958037609371,0.326855756987305,0.00821958037609369,"C106+4202","PS_N","GAPIT","CMLM","GS",19.8147888445613
"97","PstI.TP856013",11,5962,0.0000149175687406419,0.0613207547169812,106,0.00268868035144088,0.198834115034182,0.00821958037609371,0.351740638607947,0.00821958037609369,"C106+4202","PS_N","GAPIT","CMLM","GS",19.6145434682741
"98","NsiI.TP726681",3,62054481,0.0000249167875773095,0.0660377358490566,106,0.00268868035144088,0.187710335481441,0.0114409582959146,-0.315165291211265,0.0114409582959146,"C106+4202","PS_N","GAPIT","CMLM","GS",18.502165513
"99","PstI.TP110898",10,9880843,0.0000325424616182393,0.0566037735849056,106,0.00268868035144088,0.181972655151362,0.0122786314981831,0.311148829936681,0.0122786314981831,"C106+4202","PS_N","GAPIT","CMLM","GS",17.9283974799921
"100","NsiI.TP422411",3,70832262,0.0000356548283068839,0.0566037735849057,106,0.00268868035144088,0.180018058420526,0.0122786314981831,-0.31073479662091,0.0122786314981831,"C106+4202","PS_N","GAPIT","CMLM","GS",17.7329378069085
"101","PstI.TP1148487",4,48397503,0.000041910166245607,0.0849056603773585,106,0.00268868035144088,0.176569239676614,0.0128291675562941,-0.317424502717125,0.0128291675562941,"C106+4202","PS_N","GAPIT","CMLM","GS",17.3880559325173
"102","PstI.TP447831",11,3432,0.0000517805982439728,0.0754716981132075,106,0.00268868035144088,0.172076826936681,0.0142655548162145,0.271261704372621,0.0142655548162145,"C106+4202","PS_N","GAPIT","CMLM","GS",16.938814658524
"103","PstI.TP646910",11,4558,0.0000579334477910029,0.0613207547169812,106,0.00268868035144088,0.169700960425608,0.0145096953331103,0.292911134082838,0.0145096953331103,"C106+4202","PS_N","GAPIT","CMLM","GS",16.7012280074167
"104","NsiI.TP751198",11,18320,0.0000637400225200993,0.0518867924528302,106,0.00268868035144088,0.167684797312846,0.0146336468369061,-0.287845874157417,0.0146336468369061,"C106+4202","PS_N","GAPIT","CMLM","GS",16.4996116961405
"105","NsiI.TP503227",7,87451,0.0000955228079561257,0.0613207547169811,106,0.00268868035144088,0.159197033756949,0.0202434873783943,-0.266382573905864,0.0202434873783943,"C106+4202","PS_N","GAPIT","CMLM","GS",15.6508353405508
"106","PstI.TP10852",10,58028954,0.000122361155818084,0.141509433962264,106,0.00268868035144088,0.154043271726393,0.0240789274484873,0.240947753058194,0.0240789274484872,"C106+4202","PS_N","GAPIT","CMLM","GS",15.1354591374952
"107","PstI.TP438135",4,14593222,0.000158821389562396,0.0754716981132075,106,0.00268868035144088,0.148649136149174,0.0291701952162934,0.260895841614806,0.0291701952162934,"C106+4202","PS_N","GAPIT","CMLM","GS",14.5960455797733
"108","PstI.TP426523",11,3290,0.000202278090861969,0.0754716981132075,106,0.00268868035144088,0.143678329673658,0.0335895220231395,0.258059204683718,0.0335895220231396,"C106+4202","PS_N","GAPIT","CMLM","GS",14.0989649322217
"109","PstI.TP739746",11,5106,0.000207267468019373,0.0707547169811321,106,0.00268868035144088,0.143179239266735,0.0335895220231395,0.248749553188541,0.0335895220231396,"C106+4202","PS_N","GAPIT","CMLM","GS",14.0490558915294
"110","PstI.TP249196",8,60970122,0.000243144335968634,0.0801886792452831,106,0.00268868035144088,0.139917023735177,0.0372145914218659,0.256944905330118,0.0372145914218659,"C106+4202","PS_N","GAPIT","CMLM","GS",13.7228343383736
"111","PstI.TP619305",1,79505879,0.000335058465571034,0.141509433962264,106,0.00268868035144088,0.133405570800258,0.0485834775077999,0.220491504921595,0.0485834775077999,"C106+4202","PS_N","GAPIT","CMLM","GS",13.0716890448817
"112","PstI.TP84880",1,63680478,0.000000281364783731039,0.133620689655172,116,0.443675751613834,0.587919201514158,0.000384871532478462,-0.89917709385918,0.000384871532478462,"C116+3293","PS_N","GAPIT","CMLM","GS",14.4243449900324
"113","PstI.TP1148487",4,48397503,0.000000364634327312612,0.0818965517241379,116,0.443675751613834,0.584858124333524,0.000384871532478462,-0.9544577241345,0.000384871532478462,"C116+3293","PS_N","GAPIT","CMLM","GS",14.118237271969
"114","PstI.TP694159",3,61030989,0.00000081369463331684,0.0775862068965517,116,0.443675751613834,0.575477656041143,0.000572569790310616,0.942087862604694,0.000572569790310616,"C116+3293","PS_N","GAPIT","CMLM","GS",13.1801904427309
"115","PstI.TP529090",11,3947,0.00000252408585609398,0.0948275862068966,116,0.443675751613834,0.562498245633293,0.0013320863105536,0.56578357527178,0.0013320863105536,"C116+3293","PS_N","GAPIT","CMLM","GS",11.8822494019459
"116","PstI.TP229147",2,3390758,0.00000507140301401638,0.0517241379310345,116,0.443675751613834,0.554644130621101,0.00214114635251772,1.03919621233217,0.00214114635251772,"C116+3293","PS_N","GAPIT","CMLM","GS",11.0968379007267
"117","PstI.TP124910",4,63868777,0.0000250960857793166,0.0517241379310345,116,0.443675751613834,0.537065436017606,0.00882963951335624,-0.794120077214757,0.00882963951335622,"C116+3293","PS_N","GAPIT","CMLM","GS",9.3389684403772
"118","PstI.TP770204",3,67523376,0.0000396439059724811,0.0646551724137931,116,0.443675751613834,0.532148160486003,0.0119554693582725,0.637023846902594,0.0119554693582725,"C116+3293","PS_N","GAPIT","CMLM","GS",8.8472408872169
"119","PstI.TP733771",11,5061,0.000120726280689681,0.0818965517241379,116,0.443675751613834,0.520378637224205,0.0287751491712615,0.713103633144783,0.0287751491712615,"C116+3293","PS_N","GAPIT","CMLM","GS",7.6702885610371
"120","PstI.TP10852",10,58028954,0.00012267946117544,0.137931034482759,116,0.443675751613834,0.52021118636167,0.0287751491712615,0.620970468309679,0.0287751491712615,"C116+3293","PS_N","GAPIT","CMLM","GS",7.6535434747836
"121","PstI.TP882242",5,68630849,0.000214795367121408,0.0689655172413793,116,0.443675751613834,0.51440658367161,0.0434222376479702,-0.629787843925442,0.0434222376479701,"C116+3293","PS_N","GAPIT","CMLM","GS",7.0730832057776
"122","PstI.TP778881",9,48260943,0.000226264620619456,0.0646551724137931,116,0.443675751613834,0.513871410936824,0.0434222376479702,0.681986222727801,0.0434222376479701,"C116+3293","PS_N","GAPIT","CMLM","GS",7.019565932299
"123","NsiI.TP353127",8,4560146,0.000255047780926432,0.125,116,0.443675751613834,0.512642033149202,0.0448671554613082,0.516995121764012,0.0448671554613082,"C116+3293","PS_N","GAPIT","CMLM","GS",6.8966281535368
"124","NsiI.TP503227",7,87451,0.000318152078115412,0.0646551724137931,116,0.443675751613834,0.510381748211936,0.0473380168427495,-0.559677961207854,0.0473380168427495,"C116+3293","PS_N","GAPIT","CMLM","GS",6.67059965981021
"125","PstI.TP873911",2,65476325,0.000339698786284891,0.0991379310344828,116,0.443675751613834,0.509714145776414,0.0473380168427495,0.617236820530252,0.0473380168427495,"C116+3293","PS_N","GAPIT","CMLM","GS",6.60383941625801
"126","PstI.TP731882",3,19716780,0.000341572944877074,0.0689655172413793,116,0.443675751613834,0.509658142645246,0.0473380168427495,0.586403299865196,0.0473380168427495,"C116+3293","PS_N","GAPIT","CMLM","GS",6.5982391031412
"127","PstI.TP673057",3,68094426,0.00035879122192515,0.103448275862069,116,0.443675751613834,0.509157898275491,0.0473380168427495,-0.510662025815691,0.0473380168427495,"C116+3293","PS_N","GAPIT","CMLM","GS",6.5482146661657
"128","PstI.TP84880",1,63680478,0.000000141481555891991,0.129032258064516,124,0.600045894913091,0.701627680679473,0.000229200120545026,-0.920644985058516,0.000229200120545025,"C124+2560","PS_N","GAPIT","CMLM","GS",10.1581785766382
"129","PstI.TP1148487",4,48397503,0.000000558429578321238,0.0766129032258065,124,0.600045894913091,0.690871896946831,0.000370969723678236,-0.921297969698458,0.000370969723678236,"C124+2560","PS_N","GAPIT","CMLM","GS",9.082600203374
"130","PstI.TP694159",3,61030989,0.000000686980969774511,0.0766129032258065,124,0.600045894913091,0.689272240840262,0.000370969723678236,0.955475601192859,0.000370969723678236,"C124+2560","PS_N","GAPIT","CMLM","GS",8.92263459271709
"131","PstI.TP529090",11,3947,0.00000427499798339689,0.0887096774193549,124,0.600045894913091,0.675421874067422,0.00173137418327574,0.560194786543207,0.00173137418327574,"C124+2560","PS_N","GAPIT","CMLM","GS",7.5375979154331
"132","PstI.TP1136227",9,52020995,0.0000224971743530575,0.0685483870967742,124,0.600045894913091,0.663257714709783,0.00728908449039064,0.594201641931903,0.00728908449039063,"C124+2560","PS_N","GAPIT","CMLM","GS",6.3211819796692
"133","PstI.TP229147",2,3390758,0.0000412127894226761,0.0524193548387096,124,0.600045894913091,0.658923460940078,0.0111274531441225,0.934487918406376,0.0111274531441225,"C124+2560","PS_N","GAPIT","CMLM","GS",5.8877566026987
"134","PstI.TP171713",4,6902976,0.0000853772765846545,0.0685483870967742,124,0.600045894913091,0.65378107201614,0.0197587411524486,-0.686361622212644,0.0197587411524486,"C124+2560","PS_N","GAPIT","CMLM","GS",5.3735177103049
"135","PstI.TP733771",11,5061,0.000132295505797769,0.0766129032258065,124,0.600045894913091,0.650727559992521,0.0239451632827484,0.730916384550255,0.0239451632827484,"C124+2560","PS_N","GAPIT","CMLM","GS",5.06816650794299
"136","PstI.TP770204",3,67523376,0.000133028684904158,0.0604838709677419,124,0.600045894913091,0.650689215347332,0.0239451632827484,0.576116998017369,0.0239451632827484,"C124+2560","PS_N","GAPIT","CMLM","GS",5.0643320434241
"137","PstI.TP873911",2,65476325,0.000279577616625202,0.0967741935483871,124,0.600045894913091,0.645579584807099,0.0439753102031637,0.633228044843349,0.0439753102031637,"C124+2560","PS_N","GAPIT","CMLM","GS",4.5533689894008
"138","PstI.TP778881",9,48260943,0.000298597785330124,0.0645161290322581,124,0.600045894913091,0.645130992592915,0.0439753102031637,0.661843659539898,0.0439753102031637,"C124+2560","PS_N","GAPIT","CMLM","GS",4.50850976798239
"139","PstI.TP459121",1,78162835,0.00000205134822632319,0.0735294117647059,102,0.0073077613488205,0.257243076808419,0.00577044256064713,-0.024956218704573,0.00577044256064713,"O102+4322","PS_N","GAPIT","CMLM","OWA19",24.9935315459599
"140","PstI.TP459121",1,78162835,0.00000111307570665695,0.0714285714285714,112,0.0061115009702869,0.244337769648879,0.00242427888909884,-0.0236092098395562,0.00242427888909884,"O112+3450","PS_N","GAPIT","CMLM","OWA19",23.8226268678592
"141","PstI.TP459121",1,78162835,0.0000052395177347559,0.069672131147541,122,0.0101081798899429,0.196230712808988,0.00871331799289907,-0.0215291170599191,0.00871331799289906,"O122+2646","PS_N","GAPIT","CMLM","OWA19",18.6122532919045
